person_id,first_name,last_name,home_address,admin_address,admin_city,has_car,car_type,car_model,car_capacity,fiscal_hp
1,Étienne,Lemonnier,"1, chemin Lefort, 39366 Chauveau","Université de Franche-Comté, Montbéliard",Montbéliard,True,diesel,Peugeot 208,5,6
2,Amélie,Chauveau,"boulevard Brun, 39396 Sainte Thomas","Université de Franche-Comté, Belfort",Belfort,False,,,,
3,Christophe,Marty,"572, boulevard Richard, 68694 Carre","Université de Franche-Comté, Montbéliard",Montbéliard,True,electric,Tesla Model 3,5,10
4,Andrée,Baron,"62, chemin Voisin, 36833 Sainte Éléonorenec","Université de Franche-Comté, Montbéliard",Montbéliard,False,,,,
5,Alex,Aubry,"724, boulevard de Simon, 90620 NoëlVille","Université de Franche-Comté, Besançon",Besançon,True,diesel,Renault Clio,5,4
6,Pénélope,Lefebvre,"3, boulevard Henriette Perez, 39376 Saint Lucy","Université de Franche-Comté, Besançon",Besançon,False,,,,
7,Paulette,Chartier,"65, rue Rey, 97472 Martydan","Université de Franche-Comté, Besançon",Besançon,False,,,,
8,Claire,Legendre,"61, boulevard de Buisson, 74902 Aubry","Université de Franche-Comté, Montbéliard",Montbéliard,True,gasoline,Audi A4,5,9
9,Marine,Dubois,"2, boulevard Chartier, 56773 BaillyVille","Université de Franche-Comté, Besançon",Besançon,False,,,,
10,Rémy,Dupuis,"5, boulevard de Guillou, 60533 Auger-sur-Thomas","Université de Franche-Comté, Belfort",Belfort,True,diesel,Renault Clio,5,9
11,Pénélope,Maillot,"1, rue Leroux, 08431 Hebert","Université de Franche-Comté, Montbéliard",Montbéliard,True,diesel,Renault Clio,5,4
12,Laetitia,Maury,"15, rue Costa, 90831 Pelletier","Université de Franche-Comté, Besançon",Besançon,False,,,,
13,Margaud,Rivière,"3, rue Brunel, 97147 Peltier-sur-Mer","Université de Franche-Comté, Besançon",Besançon,True,gasoline,Fiat Panda,4,8
14,Valentine,Antoine,"11, boulevard de Guyon, 59602 Carrenec","Université de Franche-Comté, Montbéliard",Montbéliard,False,,,,
15,Suzanne,Dumas,"742, boulevard Pottier, 02505 Letellier","Université de Franche-Comté, Belfort",Belfort,True,hybrid,Toyota Prius,5,6
16,Isaac,Gimenez,"58, rue de Lucas, 83602 Saint Clémence-la-Forêt","Université de Franche-Comté, Belfort",Belfort,True,gasoline,Audi A4,5,6
17,Nicole,Besson,"94, rue Samson, 76461 Bigot","Université de Franche-Comté, Montbéliard",Montbéliard,True,hybrid,Toyota Prius,5,8
18,Pauline,Chauvin,"rue Célina Petitjean, 25316 ToussaintBourg","Université de Franche-Comté, Belfort",Belfort,True,gasoline,Audi A4,5,6
19,Monique,Gaillard,"56, boulevard Philippe Letellier, 77511 Andre","Université de Franche-Comté, Montbéliard",Montbéliard,True,diesel,Renault Clio,5,9
20,Anouk,Gimenez,"156, avenue Garcia, 49153 Verdier","Université de Franche-Comté, Belfort",Belfort,True,hybrid,Toyota Prius,5,4
21,Susanne,Vallée,"32, chemin de Rousseau, 46966 Gros-sur-Gauthier","Université de Franche-Comté, Besançon",Besançon,True,diesel,Peugeot 208,5,5
22,Émile,Rolland,"8, boulevard Alice Regnier, 73973 Maréchal","Université de Franche-Comté, Besançon",Besançon,True,hybrid,Toyota Prius,5,5
23,Simone,Masse,"rue Maryse Dumont, 63568 Schneider-les-Bains","Université de Franche-Comté, Besançon",Besançon,True,electric,Tesla Model 3,5,10
24,Joséphine,Leroy,"63, rue Gabriel Charpentier, 78372 Delannoy","Université de Franche-Comté, Besançon",Besançon,True,gasoline,Audi A4,5,4
25,Sabine,Roy,"997, chemin Pottier, 03938 Torres","Université de Franche-Comté, Besançon",Besançon,True,gasoline,Audi A4,5,8
26,Thibaut,Jacquot,"avenue Marianne Antoine, 81505 David","Université de Franche-Comté, Montbéliard",Montbéliard,True,hybrid,Toyota Prius,5,9
27,Théophile,De Sousa,"24, rue Becker, 44713 Collin","Université de Franche-Comté, Besançon",Besançon,True,gasoline,Audi A4,5,8
28,Suzanne,Vallet,"rue de Bourgeois, 33835 Maréchal-sur-Morvan","Université de Franche-Comté, Belfort",Belfort,False,,,,
29,Nicolas,Allard,"495, chemin Emmanuelle Lopes, 73862 Briand-sur-Mer","Université de Franche-Comté, Besançon",Besançon,True,hybrid,Toyota Prius,5,7
30,Inès,Morin,"3, rue de Charpentier, 09785 Marieboeuf","Université de Franche-Comté, Montbéliard",Montbéliard,False,,,,
31,Sébastien,Perrier,"35, rue de Da Costa, 29804 Voisin","Université de Franche-Comté, Belfort",Belfort,False,,,,
32,Chantal,Voisin,"38, chemin Claudine Legendre, 04871 Hoareau","Université de Franche-Comté, Montbéliard",Montbéliard,False,,,,
33,Laure,Merle,"973, rue Gérard Chauvin, 24636 Becker","Université de Franche-Comté, Belfort",Belfort,True,diesel,Renault Clio,5,5
34,Jeanne,Guillet,"772, rue de Klein, 51450 Gilles","Université de Franche-Comté, Montbéliard",Montbéliard,True,diesel,Renault Clio,5,8
35,Gabriel,Cohen,"69, rue Gautier, 32140 Arnaud","Université de Franche-Comté, Belfort",Belfort,True,diesel,Renault Clio,5,4
36,Brigitte,Boucher,"56, chemin de Perrin, 48946 Sainte Alice-la-Forêt","Université de Franche-Comté, Montbéliard",Montbéliard,True,gasoline,Fiat Panda,4,10
37,Juliette,Raymond,"rue Alix Moreno, 89788 Meunier-les-Bains","Université de Franche-Comté, Montbéliard",Montbéliard,True,diesel,Renault Clio,5,8
38,Aurore,Richard,"10, boulevard Maury, 86260 Rousseau-sur-Mer","Université de Franche-Comté, Belfort",Belfort,False,,,,
39,Étienne,Hoareau,"28, boulevard de Perrot, 90623 Techer-sur-Mer","Université de Franche-Comté, Belfort",Belfort,True,gasoline,Audi A4,5,4
40,Astrid,Louis,"96, boulevard de Lamy, 40682 Huet-les-Bains","Université de Franche-Comté, Montbéliard",Montbéliard,False,,,,
41,Alexandre,Nicolas,"41, avenue de Guillaume, 47749 Fabre-la-Forêt","Université de Franche-Comté, Belfort",Belfort,True,diesel,Renault Clio,5,6
42,Emmanuelle,Marty,"6, rue Weber, 50274 Maillotboeuf","Université de Franche-Comté, Besançon",Besançon,False,,,,
43,Alfred,Andre,"14, rue Élisabeth Riou, 05385 Gautierboeuf","Université de Franche-Comté, Montbéliard",Montbéliard,False,,,,
44,Hortense,Benard,"7, avenue Hamel, 33966 Sainte Éléonore-la-Forêt","Université de Franche-Comté, Besançon",Besançon,True,gasoline,Audi A4,5,6
45,Danielle,Léger,"74, rue Charles Navarro, 95376 Bazin-sur-Humbert","Université de Franche-Comté, Belfort",Belfort,False,,,,
46,Gilles,Barthelemy,"45, rue Céline Legros, 36234 Leroy","Université de Franche-Comté, Montbéliard",Montbéliard,True,gasoline,Audi A4,5,8
47,Patricia,Rocher,"64, rue Delorme, 26269 Étienneboeuf","Université de Franche-Comté, Besançon",Besançon,True,diesel,Peugeot 208,5,9
48,David,Henry,"95, rue Claude Labbé, 59337 Diallo-sur-Collin","Université de Franche-Comté, Belfort",Belfort,False,,,,
49,Adélaïde,Lambert,"33, rue de Laporte, 63764 Leroy","Université de Franche-Comté, Belfort",Belfort,True,hybrid,Toyota Prius,5,6
50,Philippine,Lecomte,"65, chemin de Ollivier, 70379 Cordier","Université de Franche-Comté, Belfort",Belfort,True,gasoline,Audi A4,5,4
51,Jean,Turpin,"8, chemin de Julien, 57834 Marchal","Université de Franche-Comté, Besançon",Besançon,False,,,,
52,Alain,Jacquet,"96, rue Lorraine Simon, 80728 Saint Suzannenec","Université de Franche-Comté, Belfort",Belfort,True,gasoline,Fiat Panda,4,9
53,Mathilde,Meunier,"14, rue de Boulay, 90269 Chevallier-sur-Millet","Université de Franche-Comté, Belfort",Belfort,True,hybrid,Toyota Prius,5,5
54,Juliette,Maillot,"45, rue Dupont, 22154 Devaux","Université de Franche-Comté, Belfort",Belfort,True,hybrid,Toyota Prius,5,8
55,Édouard,De Sousa,"21, avenue Letellier, 01917 Martins-les-Bains","Université de Franche-Comté, Belfort",Belfort,True,diesel,Renault Clio,5,7
56,Maggie,Weiss,"34, avenue Victor Dias, 88211 Saint Alfred-la-Forêt","Université de Franche-Comté, Besançon",Besançon,True,diesel,Peugeot 208,5,7
57,Roger,Blanc,"63, rue Jules Andre, 49463 Moreaunec","Université de Franche-Comté, Montbéliard",Montbéliard,False,,,,
58,Luc,Letellier,"rue Augustin Traore, 76587 Guichard","Université de Franche-Comté, Montbéliard",Montbéliard,True,diesel,Peugeot 208,5,5
59,Maggie,Lombard,"59, rue de Grenier, 28853 Henry-sur-Mer","Université de Franche-Comté, Montbéliard",Montbéliard,True,diesel,Renault Clio,5,10
60,Joséphine,Bernier,"rue Masse, 01502 Monnier","Université de Franche-Comté, Besançon",Besançon,True,gasoline,Fiat Panda,4,4
61,Audrey,Julien,"rue de Joseph, 63974 Renaud","Université de Franche-Comté, Montbéliard",Montbéliard,False,,,,
62,Jeannine,Morvan,"70, rue de Roux, 20708 Sainte Hugues","Université de Franche-Comté, Belfort",Belfort,False,,,,
63,Josette,Marie,"84, boulevard André Guillaume, 91816 Saint Denis-sur-Mer","Université de Franche-Comté, Montbéliard",Montbéliard,False,,,,
64,Matthieu,Jacquot,"97, avenue de Chauvet, 78472 Bourdon","Université de Franche-Comté, Belfort",Belfort,False,,,,
65,Patricia,Grondin,"2, rue Gilles Moulin, 80359 Gosselin-la-Forêt","Université de Franche-Comté, Montbéliard",Montbéliard,True,gasoline,Fiat Panda,4,8
66,Clémence,Grondin,"5, boulevard de Dupont, 82322 Rousseau","Université de Franche-Comté, Montbéliard",Montbéliard,True,diesel,Peugeot 208,5,7
67,Audrey,Blot,"68, boulevard de Laroche, 20223 Boucher","Université de Franche-Comté, Montbéliard",Montbéliard,True,hybrid,Toyota Prius,5,10
68,Gabriel,Bourdon,"22, chemin de Royer, 58401 Gérard","Université de Franche-Comté, Montbéliard",Montbéliard,False,,,,
69,Yves,Pruvost,"6, boulevard Chauvet, 56229 GautierBourg","Université de Franche-Comté, Montbéliard",Montbéliard,False,,,,
70,Lucie,Traore,"5, rue de Pons, 85910 Saint Hélène","Université de Franche-Comté, Montbéliard",Montbéliard,True,diesel,Peugeot 208,5,8
71,Laurent,Vallée,"chemin Lelièvre, 11298 Bertin-les-Bains","Université de Franche-Comté, Belfort",Belfort,False,,,,
72,Virginie,Petitjean,"chemin Jeannine Legrand, 78229 Fernandes-sur-Blanc","Université de Franche-Comté, Besançon",Besançon,True,gasoline,Fiat Panda,4,7
73,Anaïs,Grondin,"chemin Robert Techer, 08588 Chauvet","Université de Franche-Comté, Besançon",Besançon,False,,,,
74,Michelle,Rodriguez,"33, rue Dominique Bouvet, 20810 Sainte Éléonore","Université de Franche-Comté, Belfort",Belfort,True,gasoline,Fiat Panda,4,6
75,Stéphanie,Ledoux,"866, chemin Marc Lefort, 67503 Marchand","Université de Franche-Comté, Montbéliard",Montbéliard,True,hybrid,Toyota Prius,5,7
76,Élodie,Legrand,"571, avenue Langlois, 89995 Saint Jérôme","Université de Franche-Comté, Belfort",Belfort,True,diesel,Peugeot 208,5,5
77,Nathalie,Legros,"16, rue Susanne Lenoir, 87121 Antoine","Université de Franche-Comté, Belfort",Belfort,True,electric,Tesla Model 3,5,7
78,Éric,Neveu,"chemin Tanguy, 41311 Sainte Louise","Université de Franche-Comté, Belfort",Belfort,True,electric,Tesla Model 3,5,10
79,Richard,Petit,"272, boulevard Vidal, 10838 Chrétienboeuf","Université de Franche-Comté, Montbéliard",Montbéliard,True,gasoline,Audi A4,5,10
80,Henriette,Mendès,"319, avenue Bernard Delorme, 43162 Lambert-sur-Leconte","Université de Franche-Comté, Belfort",Belfort,True,gasoline,Audi A4,5,5
81,Léon,Rodrigues,"64, boulevard Brunel, 64259 Jacques","Université de Franche-Comté, Belfort",Belfort,False,,,,
82,Martin,Poulain,"7, rue Clément, 86879 Da Silva-sur-Besson","Université de Franche-Comté, Belfort",Belfort,True,diesel,Peugeot 208,5,8
83,Lucas,Royer,"1, avenue Richard Aubry, 29905 Sainte Anne","Université de Franche-Comté, Belfort",Belfort,True,gasoline,Fiat Panda,4,10
84,Théodore,Ferrand,"11, boulevard de Prévost, 27360 Jean-sur-Mer","Université de Franche-Comté, Besançon",Besançon,True,electric,Tesla Model 3,5,5
85,Juliette,Ramos,"3, rue Zoé Denis, 65432 Rouxnec","Université de Franche-Comté, Besançon",Besançon,False,,,,
86,Adrienne,Dubois,"47, chemin Maillard, 45425 Gillet-sur-Hamel","Université de Franche-Comté, Belfort",Belfort,False,,,,
87,Anouk,Philippe,"36, boulevard Fontaine, 17171 Maryboeuf","Université de Franche-Comté, Belfort",Belfort,True,diesel,Peugeot 208,5,9
88,Emmanuelle,Lefèvre,"830, boulevard Lefort, 82891 Vallée","Université de Franche-Comté, Besançon",Besançon,True,hybrid,Toyota Prius,5,4
89,Sylvie,Morel,"593, chemin Juliette Lejeune, 80667 Rey","Université de Franche-Comté, Besançon",Besançon,True,gasoline,Fiat Panda,4,8
90,Gilbert,Lopez,"986, boulevard de Roux, 60701 De Oliveira-les-Bains","Université de Franche-Comté, Besançon",Besançon,False,,,,
91,Élise,Girard,"41, avenue de Bertrand, 78955 Sainte Marcel","Université de Franche-Comté, Belfort",Belfort,False,,,,
92,Patricia,Henry,"chemin de Diallo, 11838 Bodin-sur-Jacob","Université de Franche-Comté, Montbéliard",Montbéliard,False,,,,
93,Zoé,Menard,"avenue Gilles Neveu, 97326 Charpentier","Université de Franche-Comté, Belfort",Belfort,False,,,,
94,Thomas,Costa,"1, chemin de Rey, 86560 Lebon","Université de Franche-Comté, Montbéliard",Montbéliard,True,gasoline,Fiat Panda,4,5
95,Agnès,Breton,"1, boulevard Germain, 90123 Simon","Université de Franche-Comté, Belfort",Belfort,False,,,,
96,Alexandre,Mercier,"57, chemin de Hardy, 10760 Morin-sur-Mer","Université de Franche-Comté, Montbéliard",Montbéliard,True,diesel,Peugeot 208,5,6
97,Emmanuel,Pelletier,"84, chemin Marguerite Perez, 21899 Fernandes-sur-Collet","Université de Franche-Comté, Montbéliard",Montbéliard,True,gasoline,Audi A4,5,5
98,Nicolas,Léger,"69, chemin Michel Morvan, 42321 Lefèvre","Université de Franche-Comté, Besançon",Besançon,True,gasoline,Fiat Panda,4,4
99,Christine,Garcia,"rue de Noël, 23723 Munoz","Université de Franche-Comté, Montbéliard",Montbéliard,True,diesel,Peugeot 208,5,9
100,Philippe,Legendre,"5, boulevard de Baudry, 56472 Mace-sur-Guillot","Université de Franche-Comté, Montbéliard",Montbéliard,False,,,,
101,Margot,Guillon,"677, rue Valérie Blin, 30704 Peltier-sur-Mer","Université de Franche-Comté, Besançon",Besançon,True,hybrid,Toyota Prius,5,10
102,Sylvie,Berger,"50, chemin Munoz, 21868 Sainte Juliette-les-Bains","Université de Franche-Comté, Besançon",Besançon,False,,,,
103,Odette,Gaillard,"boulevard Lucy Tanguy, 12507 Dupontdan","Université de Franche-Comté, Belfort",Belfort,True,hybrid,Toyota Prius,5,7
104,Charles,Moreno,"2, avenue de Becker, 35947 Saint Amélie-la-Forêt","Université de Franche-Comté, Montbéliard",Montbéliard,True,electric,Tesla Model 3,5,9
105,Alix,Fernandes,"7, boulevard Brunet, 91743 Laroche","Université de Franche-Comté, Belfort",Belfort,True,electric,Tesla Model 3,5,10
106,Étienne,Merle,"4, rue Seguin, 07637 Sainte Édithdan","Université de Franche-Comté, Belfort",Belfort,False,,,,
107,Virginie,Turpin,"1, chemin de Brun, 73653 Sainte Laure","Université de Franche-Comté, Belfort",Belfort,False,,,,
108,Stéphanie,Raymond,"4, boulevard Chantal Klein, 33582 Vincent-sur-Lefèvre","Université de Franche-Comté, Besançon",Besançon,False,,,,
109,Grégoire,Marion,"rue de Le Roux, 77877 Laroche","Université de Franche-Comté, Belfort",Belfort,False,,,,
110,Benjamin,Mallet,"25, rue Imbert, 39575 Lemaire","Université de Franche-Comté, Besançon",Besançon,True,hybrid,Toyota Prius,5,10
111,Thérèse,Hernandez,"7, chemin de Simon, 66177 Saint Marine","Université de Franche-Comté, Besançon",Besançon,False,,,,
112,Josette,Vaillant,"3, avenue de Vaillant, 95603 Hamon","Université de Franche-Comté, Besançon",Besançon,False,,,,
113,Sylvie,Evrard,"634, boulevard de Adam, 58967 Colas","Université de Franche-Comté, Belfort",Belfort,False,,,,
114,Aimée,Simon,"91, boulevard Evrard, 25696 Delorme","Université de Franche-Comté, Besançon",Besançon,True,gasoline,Fiat Panda,4,10
115,Aimée,Nguyen,"25, rue de Chauvin, 74497 Maillet","Université de Franche-Comté, Montbéliard",Montbéliard,True,gasoline,Audi A4,5,8
116,Xavier,Carlier,"avenue Lambert, 70446 Voisin-sur-Hervé","Université de Franche-Comté, Besançon",Besançon,True,gasoline,Audi A4,5,4
117,Henriette,Bègue,"881, rue Moreau, 47363 Salmon-sur-Mary","Université de Franche-Comté, Montbéliard",Montbéliard,True,diesel,Renault Clio,5,7
118,Monique,Guillou,"6, rue de Albert, 42298 Augerboeuf","Université de Franche-Comté, Besançon",Besançon,True,hybrid,Toyota Prius,5,5
119,Céline,Royer,"1, avenue Cécile Gomez, 07861 Diallo-sur-Camus","Université de Franche-Comté, Montbéliard",Montbéliard,False,,,,
120,Margot,Pichon,"96, avenue Louise Thomas, 06525 Sainte Tristan-sur-Mer","Université de Franche-Comté, Besançon",Besançon,False,,,,
121,Amélie,Lemonnier,"39, boulevard de Chauvin, 20548 Adam","Université de Franche-Comté, Montbéliard",Montbéliard,True,gasoline,Audi A4,5,7
122,Gilbert,Hebert,"37, avenue Robert Lebon, 53873 Legendre-sur-Mer","Université de Franche-Comté, Belfort",Belfort,True,diesel,Renault Clio,5,4
123,Victoire,Vincent,"9, chemin Fontaine, 74754 Roger-sur-Maréchal","Université de Franche-Comté, Besançon",Besançon,True,diesel,Peugeot 208,5,7
124,Nathalie,Guillet,"656, rue Isaac Bouchet, 51307 Dufourdan","Université de Franche-Comté, Belfort",Belfort,True,gasoline,Fiat Panda,4,7
125,Eugène,Antoine,"64, rue Rémy Coste, 73254 Petit-la-Forêt","Université de Franche-Comté, Belfort",Belfort,True,hybrid,Toyota Prius,5,6
126,Arthur,Berthelot,"avenue Richard Cordier, 43513 Buissonnec","Université de Franche-Comté, Belfort",Belfort,True,diesel,Renault Clio,5,9
127,Michèle,Masse,"27, chemin de Michel, 46826 Roger","Université de Franche-Comté, Belfort",Belfort,False,,,,
128,Agathe,Raynaud,"29, chemin Morvan, 18886 Lambert","Université de Franche-Comté, Montbéliard",Montbéliard,False,,,,
129,Hortense,Ledoux,"1, rue de Godard, 68685 ReynaudBourg","Université de Franche-Comté, Belfort",Belfort,True,gasoline,Audi A4,5,4
130,René,Moreno,"boulevard Jacques, 33991 Grégoire-la-Forêt","Université de Franche-Comté, Belfort",Belfort,False,,,,
131,Renée,Gros,"rue Christiane Hoareau, 35855 Lenoirdan","Université de Franche-Comté, Montbéliard",Montbéliard,True,hybrid,Toyota Prius,5,5
132,Michelle,Monnier,"795, avenue Dupont, 85640 Meyer-la-Forêt","Université de Franche-Comté, Besançon",Besançon,False,,,,
133,Yves,Delorme,"8, chemin Camille Seguin, 43524 Royer-sur-Mer","Université de Franche-Comté, Besançon",Besançon,False,,,,
134,Aimée,Rousseau,"11, chemin de Toussaint, 83276 Sainte Théophile","Université de Franche-Comté, Montbéliard",Montbéliard,True,diesel,Renault Clio,5,5
135,Adèle,Baudry,"743, rue de Bernard, 63299 Berthelot-sur-Mer","Université de Franche-Comté, Montbéliard",Montbéliard,True,hybrid,Toyota Prius,5,9
136,Maggie,Perrin,"880, avenue Inès Jacquet, 72135 Delaunay","Université de Franche-Comté, Belfort",Belfort,False,,,,
137,Nathalie,Blot,"85, rue de Imbert, 44363 Brun","Université de Franche-Comté, Montbéliard",Montbéliard,False,,,,
138,Margot,Joubert,"47, boulevard de Lombard, 07775 LeleuVille","Université de Franche-Comté, Belfort",Belfort,False,,,,
139,Victor,Berthelot,"311, avenue de Diallo, 19946 Schneider","Université de Franche-Comté, Besançon",Besançon,True,gasoline,Fiat Panda,4,9
140,Danielle,Ferreira,"482, rue Martin, 85545 Barthelemy-la-Forêt","Université de Franche-Comté, Montbéliard",Montbéliard,False,,,,
141,Xavier,Leblanc,"avenue Roussel, 36684 Saint Robert-la-Forêt","Université de Franche-Comté, Belfort",Belfort,True,electric,Tesla Model 3,5,9
142,Édouard,Diallo,"836, rue Aubry, 13661 Rémy","Université de Franche-Comté, Besançon",Besançon,False,,,,
143,Corinne,Rossi,"74, rue de Petit, 31558 Vasseur","Université de Franche-Comté, Besançon",Besançon,True,electric,Tesla Model 3,5,9
144,Susan,Gauthier,"68, chemin de Barre, 02510 Schneider","Université de Franche-Comté, Besançon",Besançon,False,,,,
145,Gérard,Gosselin,"17, rue de Dumont, 52824 Saint Théophile","Université de Franche-Comté, Belfort",Belfort,True,hybrid,Toyota Prius,5,9
146,Matthieu,Renard,"775, rue Vaillant, 40445 LeblancVille","Université de Franche-Comté, Belfort",Belfort,True,hybrid,Toyota Prius,5,10
147,Sabine,Perret,"490, avenue de Duhamel, 80334 Garnier","Université de Franche-Comté, Belfort",Belfort,True,gasoline,Fiat Panda,4,8
148,Hugues,Perez,"874, avenue de Valentin, 02978 Leduc","Université de Franche-Comté, Belfort",Belfort,False,,,,
149,Lorraine,Carpentier,"29, boulevard Augustin Letellier, 85301 Vidal","Université de Franche-Comté, Montbéliard",Montbéliard,True,gasoline,Fiat Panda,4,5
150,Danielle,Dupré,"avenue Caroline Laroche, 41321 Leblanc","Université de Franche-Comté, Belfort",Belfort,False,,,,
151,Joseph,Nguyen,"46, avenue de Clerc, 42320 Saint Valentine","Université de Franche-Comté, Montbéliard",Montbéliard,True,gasoline,Audi A4,5,10
152,Louise,Mahe,"88, avenue Anouk Mendès, 82703 Saint WilliamBourg","Université de Franche-Comté, Montbéliard",Montbéliard,True,gasoline,Fiat Panda,4,5
153,Tristan,Turpin,"boulevard Lebon, 78425 Peron","Université de Franche-Comté, Besançon",Besançon,True,diesel,Renault Clio,5,7
154,Capucine,Lefort,"86, boulevard Margaud Letellier, 97674 Chauveau","Université de Franche-Comté, Besançon",Besançon,True,hybrid,Toyota Prius,5,9
155,Thibaut,Rousset,"47, avenue de Mercier, 80418 Paul","Université de Franche-Comté, Belfort",Belfort,True,gasoline,Audi A4,5,8
156,Susan,Grondin,"2, avenue Marcel Maurice, 30257 Schmitt","Université de Franche-Comté, Belfort",Belfort,True,diesel,Peugeot 208,5,6
157,Maryse,Bousquet,"85, avenue Rémy, 20462 Gérard-les-Bains","Université de Franche-Comté, Besançon",Besançon,False,,,,
158,Auguste,Leroy,"95, boulevard Jacquet, 49997 Delattre","Université de Franche-Comté, Montbéliard",Montbéliard,True,gasoline,Audi A4,5,10
159,Anouk,Muller,"chemin Coulon, 95771 Perrier","Université de Franche-Comté, Besançon",Besançon,True,diesel,Peugeot 208,5,9
160,Jules,Joseph,"58, chemin Christelle Brun, 83408 Lebon","Université de Franche-Comté, Belfort",Belfort,True,gasoline,Fiat Panda,4,7
161,Christophe,Marion,"837, boulevard Valentine Hernandez, 20210 Leclercq","Université de Franche-Comté, Belfort",Belfort,False,,,,
162,André,Grenier,"chemin Diane Costa, 51997 Bertrand","Université de Franche-Comté, Besançon",Besançon,False,,,,
163,Luce,Perrot,"34, chemin Martine Guichard, 03858 Saint Henriette-les-Bains","Université de Franche-Comté, Montbéliard",Montbéliard,True,diesel,Renault Clio,5,7
164,Benjamin,David,"46, boulevard de Martinez, 64104 Chrétien-sur-Jean","Université de Franche-Comté, Belfort",Belfort,True,diesel,Peugeot 208,5,4
165,Théophile,Hernandez,"509, rue Dumas, 20550 Duhamel-les-Bains","Université de Franche-Comté, Belfort",Belfort,True,diesel,Renault Clio,5,9
166,Juliette,Lacombe,"322, boulevard de Valentin, 14164 Sainte Cécile-les-Bains","Université de Franche-Comté, Besançon",Besançon,True,diesel,Peugeot 208,5,5
167,Louis,Laporte,"448, boulevard de Fernandes, 20606 Meyer","Université de Franche-Comté, Besançon",Besançon,False,,,,
168,Aurore,Legros,"23, rue de Buisson, 33404 Leconte-les-Bains","Université de Franche-Comté, Belfort",Belfort,True,gasoline,Fiat Panda,4,4
169,Pauline,Masson,"119, rue de Charpentier, 97637 Guérin","Université de Franche-Comté, Besançon",Besançon,False,,,,
170,Simone,Lamy,"2, boulevard David Hamel, 82234 Charpentier-sur-Noël","Université de Franche-Comté, Besançon",Besançon,True,diesel,Peugeot 208,5,5
171,Lucie,Guillot,"62, boulevard Clémence Dumas, 05275 Lemaire","Université de Franche-Comté, Besançon",Besançon,True,electric,Tesla Model 3,5,7
172,René,Boutin,"635, rue de Rocher, 16639 Lesage","Université de Franche-Comté, Montbéliard",Montbéliard,True,diesel,Renault Clio,5,9
173,Gabrielle,Nguyen,"3, rue Le Gall, 12351 Auger-sur-Pineau","Université de Franche-Comté, Montbéliard",Montbéliard,False,,,,
174,Frédérique,Briand,"boulevard Salmon, 78217 Saint Gilbertboeuf","Université de Franche-Comté, Besançon",Besançon,True,hybrid,Toyota Prius,5,4
175,Chantal,Lucas,"4, chemin de Faivre, 53463 Boyer","Université de Franche-Comté, Besançon",Besançon,True,gasoline,Audi A4,5,6
176,Josette,Hervé,"41, chemin de Lebrun, 97277 Pires-la-Forêt","Université de Franche-Comté, Montbéliard",Montbéliard,True,electric,Tesla Model 3,5,6
177,Adélaïde,Jacques,"627, chemin Audrey Valentin, 23698 Lemonnier-sur-Blanchard","Université de Franche-Comté, Belfort",Belfort,False,,,,
178,Noël,Duval,"8, rue de Bigot, 52669 Joubert","Université de Franche-Comté, Besançon",Besançon,True,diesel,Peugeot 208,5,5
179,Georges,Langlois,"714, avenue Marin, 79482 Sainte ChristopheBourg","Université de Franche-Comté, Belfort",Belfort,True,gasoline,Audi A4,5,8
180,Christophe,Mary,"86, boulevard de Blondel, 22442 Sainte Josettenec","Université de Franche-Comté, Besançon",Besançon,True,diesel,Peugeot 208,5,4
181,Inès,Mendès,"47, rue Delannoy, 61881 Coulon","Université de Franche-Comté, Besançon",Besançon,True,gasoline,Fiat Panda,4,8
182,Paul,Gonzalez,"78, avenue Denis Hardy, 35413 Bonnet","Université de Franche-Comté, Belfort",Belfort,False,,,,
183,Margot,Bourgeois,"52, chemin de Arnaud, 32625 Bodin","Université de Franche-Comté, Montbéliard",Montbéliard,True,gasoline,Audi A4,5,5
184,Honoré,Charles,"59, rue Munoz, 84943 Étienne","Université de Franche-Comté, Belfort",Belfort,True,electric,Tesla Model 3,5,4
185,Franck,Descamps,"6, boulevard de Fernandez, 97464 Lecoq-sur-Mer","Université de Franche-Comté, Belfort",Belfort,False,,,,
186,Pénélope,Gallet,"100, rue de Gilbert, 19507 Sainte Arnaudeboeuf","Université de Franche-Comté, Montbéliard",Montbéliard,False,,,,
187,Aurore,Lebon,"38, rue Baron, 20157 Saint Nathalie","Université de Franche-Comté, Montbéliard",Montbéliard,False,,,,
188,Arnaude,Blanchet,"4, chemin Ramos, 69540 Hoarau","Université de Franche-Comté, Besançon",Besançon,True,diesel,Peugeot 208,5,9
189,Emmanuelle,Briand,"31, rue Manon Langlois, 75413 Bègue-sur-Mer","Université de Franche-Comté, Besançon",Besançon,True,gasoline,Audi A4,5,5
190,William,Boyer,"178, rue Michelle Bodin, 97427 Renaud","Université de Franche-Comté, Montbéliard",Montbéliard,True,diesel,Renault Clio,5,9
191,Amélie,Collin,"8, boulevard Bertrand, 51260 Leduc-sur-Meyer","Université de Franche-Comté, Besançon",Besançon,False,,,,
192,Étienne,Fabre,"42, chemin de Michel, 44911 Saint DanielBourg","Université de Franche-Comté, Belfort",Belfort,True,diesel,Renault Clio,5,8
193,Agathe,Lévêque,"boulevard Jean Rousseau, 42981 Voisin-sur-Leroy","Université de Franche-Comté, Montbéliard",Montbéliard,False,,,,
194,Agnès,Evrard,"98, boulevard Charlotte Thibault, 59114 Sainte Paulette","Université de Franche-Comté, Belfort",Belfort,True,gasoline,Audi A4,5,7
195,Inès,Masson,"86, rue Dufour, 03548 Sainte VictorBourg","Université de Franche-Comté, Besançon",Besançon,False,,,,
196,Valentine,Ferrand,"287, avenue Alphonse Charpentier, 82726 Sainte Lucas","Université de Franche-Comté, Belfort",Belfort,True,electric,Tesla Model 3,5,7
197,Nicolas,Gomez,"91, rue de Colas, 51859 Mendès-sur-Mer","Université de Franche-Comté, Besançon",Besançon,False,,,,
198,Denise,Dias,"30, avenue Godard, 90247 Bonneau-les-Bains","Université de Franche-Comté, Belfort",Belfort,False,,,,
199,Stéphanie,Raymond,"49, avenue de Da Silva, 47781 NeveuVille","Université de Franche-Comté, Montbéliard",Montbéliard,True,gasoline,Audi A4,5,8
200,René,Chevalier,"45, chemin Emmanuel Lemaire, 05893 Saint Joséphine-les-Bains","Université de Franche-Comté, Montbéliard",Montbéliard,True,gasoline,Fiat Panda,4,8
201,Daniel,Weber,"avenue de Le Goff, 31157 Seguin","Université de Franche-Comté, Besançon",Besançon,True,diesel,Peugeot 208,5,4
202,Luce,Jean,"26, rue Margot Garnier, 85477 Goncalves","Université de Franche-Comté, Montbéliard",Montbéliard,True,diesel,Renault Clio,5,7
203,Agathe,Lemonnier,"88, rue de Lecoq, 83641 Louis-sur-Payet","Université de Franche-Comté, Belfort",Belfort,True,electric,Tesla Model 3,5,9
204,Simone,Martel,"rue Cécile Moulin, 01321 Lopez-sur-Mendès","Université de Franche-Comté, Montbéliard",Montbéliard,False,,,,
205,Joséphine,Carlier,"rue Peron, 13942 Neveu","Université de Franche-Comté, Montbéliard",Montbéliard,True,electric,Tesla Model 3,5,10
206,Joseph,Delannoy,"49, rue de Dupré, 43380 Benard","Université de Franche-Comté, Besançon",Besançon,True,hybrid,Toyota Prius,5,5
207,Stéphanie,Teixeira,"96, rue Yves Rodriguez, 97231 Guérin-les-Bains","Université de Franche-Comté, Belfort",Belfort,False,,,,
208,Anne,Moreno,"737, rue Delorme, 76599 Jacques-sur-Allard","Université de Franche-Comté, Besançon",Besançon,True,diesel,Renault Clio,5,4
209,Agnès,Philippe,"37, avenue Peron, 54736 Albert-sur-Benard","Université de Franche-Comté, Besançon",Besançon,False,,,,
210,Emmanuel,Andre,"35, rue Benoît Louis, 19330 JourdanBourg","Université de Franche-Comté, Belfort",Belfort,True,hybrid,Toyota Prius,5,4
211,Simone,Thibault,"85, boulevard Amélie Fouquet, 16880 RichardBourg","Université de Franche-Comté, Montbéliard",Montbéliard,False,,,,
212,Richard,Raymond,"8, rue Costa, 62359 Hamon","Université de Franche-Comté, Belfort",Belfort,False,,,,
213,Alix,Regnier,"1, rue de Durand, 72308 Baudry-les-Bains","Université de Franche-Comté, Montbéliard",Montbéliard,True,electric,Tesla Model 3,5,9
214,Célina,Charles,"314, rue Nicolas Barthelemy, 56175 Bouvier","Université de Franche-Comté, Besançon",Besançon,False,,,,
215,Martine,Legrand,"82, rue Regnier, 39690 Sainte VictorVille","Université de Franche-Comté, Montbéliard",Montbéliard,True,electric,Tesla Model 3,5,10
216,Alexandre,Rolland,"53, avenue Riou, 58252 Saint Constanceboeuf","Université de Franche-Comté, Montbéliard",Montbéliard,True,hybrid,Toyota Prius,5,5
217,Chantal,Goncalves,"rue de Schneider, 10959 Vasseurdan","Université de Franche-Comté, Belfort",Belfort,False,,,,
218,Marguerite,Brun,"68, avenue de Teixeira, 77711 Sainte Rémy","Université de Franche-Comté, Belfort",Belfort,True,diesel,Peugeot 208,5,9
219,Étienne,Fernandez,"954, boulevard Denis, 61430 Guillon","Université de Franche-Comté, Besançon",Besançon,True,electric,Tesla Model 3,5,8
220,Claire,Vidal,"82, rue Henri Lejeune, 23130 Breton-sur-Blanchard","Université de Franche-Comté, Besançon",Besançon,True,gasoline,Fiat Panda,4,8
221,Gabriel,Cohen,"boulevard de Blin, 22616 Roger","Université de Franche-Comté, Montbéliard",Montbéliard,False,,,,
222,Julien,Mary,"499, chemin de Poirier, 75685 Berniernec","Université de Franche-Comté, Belfort",Belfort,True,hybrid,Toyota Prius,5,7
223,Richard,Delannoy,"avenue Lecomte, 45130 Berthelot","Université de Franche-Comté, Montbéliard",Montbéliard,True,diesel,Peugeot 208,5,10
224,Nathalie,Mathieu,"avenue Sophie Torres, 26709 Guillet-les-Bains","Université de Franche-Comté, Belfort",Belfort,True,diesel,Peugeot 208,5,6
225,Jérôme,Royer,"avenue de Legrand, 23190 PagesVille","Université de Franche-Comté, Montbéliard",Montbéliard,True,gasoline,Audi A4,5,5
226,Alphonse,Bernier,"53, rue Léon Bousquet, 53567 Girard","Université de Franche-Comté, Belfort",Belfort,True,hybrid,Toyota Prius,5,6
227,Suzanne,Teixeira,"30, avenue de Pruvost, 85925 Saint Éricdan","Université de Franche-Comté, Montbéliard",Montbéliard,True,gasoline,Audi A4,5,10
228,Maurice,Blanchard,"42, chemin de Vincent, 39552 Marty","Université de Franche-Comté, Belfort",Belfort,True,diesel,Peugeot 208,5,5
229,Luce,Pineau,"55, avenue Maillet, 64970 Mendès","Université de Franche-Comté, Besançon",Besançon,True,hybrid,Toyota Prius,5,8
230,Suzanne,Mathieu,"59, rue de Weiss, 78300 Saint Thomas","Université de Franche-Comté, Besançon",Besançon,False,,,,
231,Élisabeth,Blot,"chemin Théodore Andre, 38229 Barthelemy","Université de Franche-Comté, Montbéliard",Montbéliard,False,,,,
232,Bernard,Vasseur,"5, boulevard de Carlier, 84914 Brun-la-Forêt","Université de Franche-Comté, Montbéliard",Montbéliard,True,electric,Tesla Model 3,5,5
233,Arnaude,Lefort,"91, chemin Arthur Roger, 30329 CouturierVille","Université de Franche-Comté, Montbéliard",Montbéliard,False,,,,
234,Arthur,Torres,"546, chemin Benoit, 43747 Noël-sur-Ferreira","Université de Franche-Comté, Besançon",Besançon,True,diesel,Renault Clio,5,4
235,Yves,Costa,"3, rue Coste, 62605 Besson","Université de Franche-Comté, Montbéliard",Montbéliard,True,gasoline,Audi A4,5,6
236,Aurore,Lévêque,"chemin Marcelle Mary, 18805 Rocher","Université de Franche-Comté, Belfort",Belfort,True,hybrid,Toyota Prius,5,8
237,Thibault,Perrier,"41, rue de Jacquot, 30152 Sainte Valentine","Université de Franche-Comté, Montbéliard",Montbéliard,False,,,,
238,Grégoire,Hernandez,"rue Lefebvre, 24405 Costa","Université de Franche-Comté, Besançon",Besançon,False,,,,
239,Susan,Peron,"81, avenue Manon Bouvier, 49581 Da Costadan","Université de Franche-Comté, Belfort",Belfort,True,electric,Tesla Model 3,5,10
240,Denis,Lefebvre,"1, rue de Adam, 71426 Sainte Juliennec","Université de Franche-Comté, Besançon",Besançon,True,hybrid,Toyota Prius,5,5
241,Aimé,Lacombe,"rue Gillet, 60276 Torresboeuf","Université de Franche-Comté, Besançon",Besançon,True,gasoline,Audi A4,5,6
242,Jacques,Guilbert,"39, rue Margot Vallée, 44861 Roger-sur-Pages","Université de Franche-Comté, Besançon",Besançon,True,gasoline,Audi A4,5,9
243,Georges,Guérin,"avenue Lucy Lopez, 46675 Mary","Université de Franche-Comté, Besançon",Besançon,True,gasoline,Audi A4,5,9
244,Alexandria,Gallet,"855, boulevard de Gay, 25337 Weiss-les-Bains","Université de Franche-Comté, Montbéliard",Montbéliard,True,gasoline,Fiat Panda,4,9
245,Philippe,Laine,"7, rue Pereira, 06467 CosteVille","Université de Franche-Comté, Besançon",Besançon,True,gasoline,Fiat Panda,4,10
246,Suzanne,Guilbert,"92, boulevard Laroche, 64672 Sainte IsaacVille","Université de Franche-Comté, Belfort",Belfort,True,diesel,Peugeot 208,5,6
247,Jacques,Imbert,"24, rue Virginie Nicolas, 02930 Aubry","Université de Franche-Comté, Belfort",Belfort,False,,,,
248,Aurore,Boulay,"9, chemin Mathilde Pierre, 10638 Lemonnier-la-Forêt","Université de Franche-Comté, Montbéliard",Montbéliard,False,,,,
249,Jeannine,Laurent,"4, rue de Vidal, 11198 Launay","Université de Franche-Comté, Belfort",Belfort,True,diesel,Peugeot 208,5,5
250,Marcel,Schneider,"84, boulevard Françoise Diaz, 20569 Lejeune-sur-Charles","Université de Franche-Comté, Montbéliard",Montbéliard,True,gasoline,Fiat Panda,4,7
251,Hélène,Chauvet,"190, chemin Royer, 20756 Neveudan","Université de Franche-Comté, Besançon",Besançon,True,diesel,Peugeot 208,5,8
252,Aurore,Bazin,"47, rue de Rémy, 07638 Maillet","Université de Franche-Comté, Montbéliard",Montbéliard,False,,,,
253,Laurence,De Oliveira,"6, avenue Adam, 91863 Mathieu","Université de Franche-Comté, Besançon",Besançon,False,,,,
254,Daniel,Carre,"19, boulevard Thibaut Leduc, 24302 Saint Sabine-les-Bains","Université de Franche-Comté, Montbéliard",Montbéliard,False,,,,
255,Hortense,Barbier,"rue Fischer, 77166 Sainte Mathilde","Université de Franche-Comté, Besançon",Besançon,False,,,,
256,Aimée,Legendre,"61, chemin Leclerc, 38630 Galletnec","Université de Franche-Comté, Montbéliard",Montbéliard,True,diesel,Peugeot 208,5,6
257,Chantal,Garcia,"97, chemin Olivier, 40718 Dupré","Université de Franche-Comté, Belfort",Belfort,True,hybrid,Toyota Prius,5,5
258,Thierry,Colas,"chemin Joséphine Besnard, 38378 Robert","Université de Franche-Comté, Belfort",Belfort,False,,,,
259,Adrien,Sanchez,"28, chemin Texier, 71601 Saint Sophie","Université de Franche-Comté, Montbéliard",Montbéliard,True,diesel,Renault Clio,5,8
260,Christine,Delmas,"20, boulevard Andrée Clerc, 74278 Jacques-les-Bains","Université de Franche-Comté, Belfort",Belfort,True,diesel,Peugeot 208,5,8
261,Roland,Lombard,"boulevard Danielle Leblanc, 88410 Boutin","Université de Franche-Comté, Belfort",Belfort,False,,,,
262,Raymond,Rey,"6, boulevard Da Silva, 97658 Saint Antoinette-les-Bains","Université de Franche-Comté, Besançon",Besançon,False,,,,
263,Martine,Pereira,"88, chemin Guyon, 97663 Delahaye","Université de Franche-Comté, Montbéliard",Montbéliard,False,,,,
264,Laurence,Da Silva,"776, boulevard Anouk Laine, 46351 Pierreboeuf","Université de Franche-Comté, Montbéliard",Montbéliard,True,gasoline,Audi A4,5,8
265,Guy,Morvan,"avenue Hugues Mendès, 83973 Lecomte","Université de Franche-Comté, Belfort",Belfort,True,diesel,Peugeot 208,5,4
266,Adèle,Boutin,"rue de Joseph, 46482 Roux","Université de Franche-Comté, Belfort",Belfort,False,,,,
267,Adrienne,Fournier,"avenue de Gillet, 13997 Paul","Université de Franche-Comté, Montbéliard",Montbéliard,False,,,,
268,Susanne,Lacombe,"84, boulevard de Joly, 81249 Vincent-sur-Mer","Université de Franche-Comté, Besançon",Besançon,True,electric,Tesla Model 3,5,8
269,Margot,Brun,"889, rue Michelle Lefebvre, 01648 Saint Georgesboeuf","Université de Franche-Comté, Belfort",Belfort,True,diesel,Peugeot 208,5,7
270,Gabrielle,Peltier,"7, rue David, 20577 Millet-la-Forêt","Université de Franche-Comté, Besançon",Besançon,True,gasoline,Fiat Panda,4,9
271,Guillaume,Barbe,"7, boulevard Julien Parent, 52462 Marchand","Université de Franche-Comté, Montbéliard",Montbéliard,True,gasoline,Fiat Panda,4,4
272,Adrienne,Masse,"99, rue de Rivière, 49960 Martel-sur-Dupont","Université de Franche-Comté, Belfort",Belfort,True,gasoline,Fiat Panda,4,4
273,Andrée,Gilles,"13, rue de Leblanc, 81214 Sainte Mariannenec","Université de Franche-Comté, Belfort",Belfort,False,,,,
274,Roland,Pascal,"56, chemin Rossi, 29859 Gonzalez","Université de Franche-Comté, Besançon",Besançon,False,,,,
275,Jules,Dijoux,"avenue Coste, 60784 Charles","Université de Franche-Comté, Besançon",Besançon,True,gasoline,Fiat Panda,4,8
276,Georges,Wagner,"4, rue de Fabre, 45789 Fleury-sur-Lesage","Université de Franche-Comté, Montbéliard",Montbéliard,True,gasoline,Fiat Panda,4,10
277,Alexandrie,Legendre,"482, avenue Tristan Grégoire, 83723 Benard","Université de Franche-Comté, Besançon",Besançon,True,diesel,Renault Clio,5,5
278,Maurice,Lacombe,"avenue Stéphane Riou, 24129 Sainte Chantaldan","Université de Franche-Comté, Besançon",Besançon,True,hybrid,Toyota Prius,5,8
279,William,Simon,"771, rue de Camus, 57198 Berger","Université de Franche-Comté, Belfort",Belfort,False,,,,
280,Valérie,Lecomte,"61, rue Benard, 94354 Saint Patrick","Université de Franche-Comté, Belfort",Belfort,True,diesel,Peugeot 208,5,8
281,Philippe,Morvan,"465, rue Chevallier, 18195 Rodrigueznec","Université de Franche-Comté, Montbéliard",Montbéliard,False,,,,
282,Maurice,Riou,"68, rue Lebrun, 04604 Auger","Université de Franche-Comté, Montbéliard",Montbéliard,False,,,,
283,Corinne,Robert,"3, avenue Gérard, 07263 Saint ManonBourg","Université de Franche-Comté, Besançon",Besançon,True,gasoline,Fiat Panda,4,5
284,Isaac,Vaillant,"85, chemin Georges Fernandes, 72522 Mallet","Université de Franche-Comté, Montbéliard",Montbéliard,False,,,,
285,Célina,Dufour,"78, rue Gérard Traore, 33404 Delorme","Université de Franche-Comté, Belfort",Belfort,True,diesel,Renault Clio,5,8
286,Lucas,Pons,"555, avenue Blanchard, 69158 Weiss-sur-Baudry","Université de Franche-Comté, Belfort",Belfort,True,hybrid,Toyota Prius,5,4
287,Zoé,Pichon,"8, rue Capucine Bertin, 39465 Godard","Université de Franche-Comté, Besançon",Besançon,True,diesel,Renault Clio,5,10
288,Vincent,Potier,"62, rue Bernard Morin, 83324 RémyVille","Université de Franche-Comté, Belfort",Belfort,False,,,,
289,Margot,Berthelot,"boulevard Christiane Monnier, 49978 Paul-sur-Laine","Université de Franche-Comté, Belfort",Belfort,True,hybrid,Toyota Prius,5,4
290,Henriette,Bouvet,"98, rue André Lemonnier, 16505 Rodrigues","Université de Franche-Comté, Besançon",Besançon,True,hybrid,Toyota Prius,5,7
291,Richard,Guillet,"rue Lucas Moreno, 29178 PichonBourg","Université de Franche-Comté, Belfort",Belfort,True,electric,Tesla Model 3,5,8
292,Marcelle,Rocher,"44, avenue de Traore, 58740 Marchand","Université de Franche-Comté, Belfort",Belfort,True,diesel,Peugeot 208,5,8
293,Juliette,Barbier,"901, boulevard de Pons, 45814 Pereira","Université de Franche-Comté, Besançon",Besançon,True,gasoline,Audi A4,5,7
294,Zacharie,Allard,"rue Gabriel Boucher, 85477 Da Silva","Université de Franche-Comté, Belfort",Belfort,True,diesel,Peugeot 208,5,9
295,Colette,Thomas,"772, boulevard Royer, 09835 Texier","Université de Franche-Comté, Montbéliard",Montbéliard,True,hybrid,Toyota Prius,5,6
296,Vincent,Ledoux,"7, chemin Zoé Mallet, 50372 Renard-sur-Mer","Université de Franche-Comté, Montbéliard",Montbéliard,False,,,,
297,Christelle,Verdier,"39, chemin de Neveu, 57445 Diaz-les-Bains","Université de Franche-Comté, Besançon",Besançon,True,diesel,Renault Clio,5,6
298,Amélie,Jean,"58, rue Xavier Rodriguez, 05751 Andre-sur-Mer","Université de Franche-Comté, Besançon",Besançon,True,diesel,Peugeot 208,5,4
299,Marguerite,Blanc,"chemin de Joseph, 93932 Fabrenec","Université de Franche-Comté, Montbéliard",Montbéliard,True,electric,Tesla Model 3,5,4
300,Victoire,Bègue,"197, rue de Charrier, 15236 Dupré","Université de Franche-Comté, Besançon",Besançon,True,diesel,Renault Clio,5,9
