mission_id,person_id,start_city,end_city,start_date,end_date,event,real_move,travel_type,vehicle_type,is_return_trip,km,parking_cost,hotel_cost,plane_cost,reimbursement,total_cost,nearest_airport,first_name,last_name,home_address,admin_address,admin_city,has_car,car_type_x,car_model,car_capacity,fiscal_hp,car_type_y,co2_per_km,energy_per_km,start_hour,cluster_agnes
1,1,Montbéliard,Strasbourg,2025-05-04 09:00:00,2025-05-06 08:00:00,Conference,True,plane,,0,140,0,200,120,135,455,Basel-Mulhouse,Étienne,Lemonnier,"1, chemin Lefort, 39366 Chauveau","Université de Franche-Comté, Montbéliard",Montbéliard,True,diesel,Peugeot 208,5.0,6.0,diesel,0.155,,9,8
2,2,Belfort,Paris,2025-05-04 15:45:00,2025-05-07 14:45:00,Conference,True,plane,,1,732,0,300,120,143,563,Basel-Mulhouse,Amélie,Chauveau,"boulevard Brun, 39396 Sainte Thomas","Université de Franche-Comté, Belfort",Belfort,False,,,,,,,,15,1
3,3,Montbéliard,Paris,2025-05-01 16:00:00,2025-05-02 20:15:00,Training,True,plane,,0,507,0,100,120,149,369,Basel-Mulhouse,Christophe,Marty,"572, boulevard Richard, 68694 Carre","Université de Franche-Comté, Montbéliard",Montbéliard,True,electric,Tesla Model 3,5.0,10.0,electric,0.03,0.15,16,0
4,4,Montbéliard,Strasbourg,2025-05-03 15:15:00,2025-05-04 19:45:00,Training,True,plane,,0,779,0,100,120,131,351,Basel-Mulhouse,Andrée,Baron,"62, chemin Voisin, 36833 Sainte Éléonorenec","Université de Franche-Comté, Montbéliard",Montbéliard,False,,,,,,,,15,3
5,5,Besançon,Strasbourg,2025-05-02 18:45:00,2025-05-04 13:15:00,Meeting,True,plane,,0,457,0,200,120,106,426,Dole-Jura,Alex,Aubry,"724, boulevard de Simon, 90620 NoëlVille","Université de Franche-Comté, Besançon",Besançon,True,diesel,Renault Clio,5.0,4.0,diesel,0.16,,18,6
6,6,Besançon,Strasbourg,2025-05-11 15:45:00,2025-05-12 20:30:00,Meeting,True,car,,0,653,10,100,0,119,229,,Pénélope,Lefebvre,"3, boulevard Henriette Perez, 39376 Saint Lucy","Université de Franche-Comté, Besançon",Besançon,False,,,,,,,,15,3
7,7,Besançon,Dijon,2025-05-06 14:45:00,2025-05-09 08:45:00,Training,True,car,,1,772,30,300,0,117,447,,Paulette,Chartier,"65, rue Rey, 97472 Martydan","Université de Franche-Comté, Besançon",Besançon,False,,,,,,,,14,1
8,8,Montbéliard,Marseille,2025-05-03 17:30:00,2025-05-04 10:45:00,Conference,True,plane,,1,555,0,100,120,136,356,Basel-Mulhouse,Claire,Legendre,"61, boulevard de Buisson, 74902 Aubry","Université de Franche-Comté, Montbéliard",Montbéliard,True,gasoline,Audi A4,5.0,9.0,gasoline,0.185,,17,1
9,9,Besançon,Dijon,2025-05-08 10:15:00,2025-05-09 12:00:00,Meeting,True,car,,0,210,10,100,0,115,225,,Marine,Dubois,"2, boulevard Chartier, 56773 BaillyVille","Université de Franche-Comté, Besançon",Besançon,False,,,,,,,,10,5
10,10,Belfort,Strasbourg,2025-05-01 20:15:00,2025-05-03 15:00:00,Meeting,True,car,Renault Clio,1,673,20,200,0,80,300,,Rémy,Dupuis,"5, boulevard de Guillou, 60533 Auger-sur-Thomas","Université de Franche-Comté, Belfort",Belfort,True,diesel,Renault Clio,5.0,9.0,diesel,0.16,,20,1
11,11,Montbéliard,Lyon,2025-05-06 15:45:00,2025-05-07 19:30:00,Meeting,True,car,Renault Clio,1,729,10,100,0,104,214,,Pénélope,Maillot,"1, rue Leroux, 08431 Hebert","Université de Franche-Comté, Montbéliard",Montbéliard,True,diesel,Renault Clio,5.0,4.0,diesel,0.16,,15,1
12,12,Besançon,Lyon,2025-05-09 09:45:00,2025-05-12 14:00:00,Conference,True,car,,0,455,30,300,0,133,463,,Laetitia,Maury,"15, rue Costa, 90831 Pelletier","Université de Franche-Comté, Besançon",Besançon,False,,,,,,,,9,6
13,13,Besançon,Dijon,2025-05-04 19:15:00,2025-05-05 10:15:00,Conference,True,plane,,1,111,0,100,120,91,311,Dole-Jura,Margaud,Rivière,"3, rue Brunel, 97147 Peltier-sur-Mer","Université de Franche-Comté, Besançon",Besançon,True,gasoline,Fiat Panda,4.0,8.0,gasoline,0.17,,19,2
14,14,Montbéliard,Lyon,2025-05-05 12:15:00,2025-05-08 11:00:00,Meeting,True,car,,1,148,30,300,0,110,440,,Valentine,Antoine,"11, boulevard de Guyon, 59602 Carrenec","Université de Franche-Comté, Montbéliard",Montbéliard,False,,,,,,,,12,4
15,15,Belfort,Paris,2025-05-11 11:15:00,2025-05-14 07:00:00,Meeting,True,plane,,0,235,0,300,120,150,570,Basel-Mulhouse,Suzanne,Dumas,"742, boulevard Pottier, 02505 Letellier","Université de Franche-Comté, Belfort",Belfort,True,hybrid,Toyota Prius,5.0,6.0,hybrid,0.1,,11,0
16,16,Belfort,Dijon,2025-05-11 07:00:00,2025-05-12 13:00:00,Training,True,car,Audi A4,1,103,10,100,0,109,219,,Isaac,Gimenez,"58, rue de Lucas, 83602 Saint Clémence-la-Forêt","Université de Franche-Comté, Belfort",Belfort,True,gasoline,Audi A4,5.0,6.0,gasoline,0.185,,7,2
17,17,Montbéliard,Paris,2025-05-06 07:30:00,2025-05-08 12:45:00,Meeting,True,car,Toyota Prius,0,252,20,200,0,106,326,,Nicole,Besson,"94, rue Samson, 76461 Bigot","Université de Franche-Comté, Montbéliard",Montbéliard,True,hybrid,Toyota Prius,5.0,8.0,hybrid,0.1,,7,5
18,18,Belfort,Toulouse,2025-05-07 15:45:00,2025-05-08 15:30:00,Meeting,True,plane,,0,102,0,100,120,111,331,Basel-Mulhouse,Pauline,Chauvin,"rue Célina Petitjean, 25316 ToussaintBourg","Université de Franche-Comté, Belfort",Belfort,True,gasoline,Audi A4,5.0,6.0,gasoline,0.185,,15,8
19,19,Montbéliard,Lyon,2025-05-01 17:00:00,2025-05-02 18:45:00,Meeting,True,car,Renault Clio,1,795,10,100,0,116,226,,Monique,Gaillard,"56, boulevard Philippe Letellier, 77511 Andre","Université de Franche-Comté, Montbéliard",Montbéliard,True,diesel,Renault Clio,5.0,9.0,diesel,0.16,,17,1
20,20,Belfort,Dijon,2025-05-01 07:00:00,2025-05-02 18:30:00,Meeting,True,plane,,0,387,0,100,120,96,316,Basel-Mulhouse,Anouk,Gimenez,"156, avenue Garcia, 49153 Verdier","Université de Franche-Comté, Belfort",Belfort,True,hybrid,Toyota Prius,5.0,4.0,hybrid,0.1,,7,5
21,21,Besançon,Lyon,2025-05-04 10:30:00,2025-05-07 16:15:00,Meeting,True,plane,,0,645,0,300,120,105,525,Dole-Jura,Susanne,Vallée,"32, chemin de Rousseau, 46966 Gros-sur-Gauthier","Université de Franche-Comté, Besançon",Besançon,True,diesel,Peugeot 208,5.0,5.0,diesel,0.155,,10,6
22,22,Besançon,Nice,2025-05-07 12:30:00,2025-05-08 16:00:00,Meeting,True,plane,,0,554,0,100,120,79,299,Dole-Jura,Émile,Rolland,"8, boulevard Alice Regnier, 73973 Maréchal","Université de Franche-Comté, Besançon",Besançon,True,hybrid,Toyota Prius,5.0,5.0,hybrid,0.1,,12,5
23,23,Besançon,Lyon,2025-05-07 08:15:00,2025-05-08 06:00:00,Training,True,plane,,1,603,0,100,120,59,279,Dole-Jura,Simone,Masse,"rue Maryse Dumont, 63568 Schneider-les-Bains","Université de Franche-Comté, Besançon",Besançon,True,electric,Tesla Model 3,5.0,10.0,electric,0.03,0.15,8,7
24,24,Besançon,Lyon,2025-05-09 18:15:00,2025-05-12 17:00:00,Training,True,car,Audi A4,0,496,30,300,0,133,463,,Joséphine,Leroy,"63, rue Gabriel Charpentier, 78372 Delannoy","Université de Franche-Comté, Besançon",Besançon,True,gasoline,Audi A4,5.0,4.0,gasoline,0.185,,18,6
25,25,Besançon,Nice,2025-05-11 09:00:00,2025-05-13 12:15:00,Conference,True,car,Audi A4,1,423,20,200,0,101,321,,Sabine,Roy,"997, chemin Pottier, 03938 Torres","Université de Franche-Comté, Besançon",Besançon,True,gasoline,Audi A4,5.0,8.0,gasoline,0.185,,9,2
26,26,Montbéliard,Strasbourg,2025-05-09 06:00:00,2025-05-10 20:00:00,Conference,True,car,Toyota Prius,1,221,10,100,0,60,170,,Thibaut,Jacquot,"avenue Marianne Antoine, 81505 David","Université de Franche-Comté, Montbéliard",Montbéliard,True,hybrid,Toyota Prius,5.0,9.0,hybrid,0.1,,6,2
27,27,Besançon,Nice,2025-05-09 20:45:00,2025-05-10 12:15:00,Meeting,True,car,Audi A4,0,505,10,100,0,132,242,,Théophile,De Sousa,"24, rue Becker, 44713 Collin","Université de Franche-Comté, Besançon",Besançon,True,gasoline,Audi A4,5.0,8.0,gasoline,0.185,,20,5
28,28,Belfort,Nice,2025-05-06 06:15:00,2025-05-08 15:45:00,Training,True,car,,1,487,20,200,0,112,332,,Suzanne,Vallet,"rue de Bourgeois, 33835 Maréchal-sur-Morvan","Université de Franche-Comté, Belfort",Belfort,False,,,,,,,,6,2
29,29,Besançon,Marseille,2025-05-06 09:00:00,2025-05-07 10:45:00,Training,True,plane,,0,198,0,100,120,93,313,Dole-Jura,Nicolas,Allard,"495, chemin Emmanuelle Lopes, 73862 Briand-sur-Mer","Université de Franche-Comté, Besançon",Besançon,True,hybrid,Toyota Prius,5.0,7.0,hybrid,0.1,,9,5
30,30,Montbéliard,Toulouse,2025-05-06 14:00:00,2025-05-08 12:00:00,Meeting,True,plane,,1,629,0,200,120,105,425,Basel-Mulhouse,Inès,Morin,"3, rue de Charpentier, 09785 Marieboeuf","Université de Franche-Comté, Montbéliard",Montbéliard,False,,,,,,,,14,1
31,31,Belfort,Marseille,2025-05-05 07:00:00,2025-05-08 07:45:00,Meeting,True,car,,0,415,30,300,0,124,454,,Sébastien,Perrier,"35, rue de Da Costa, 29804 Voisin","Université de Franche-Comté, Belfort",Belfort,False,,,,,,,,7,6
32,32,Montbéliard,Toulouse,2025-05-03 17:30:00,2025-05-04 17:15:00,Meeting,True,plane,,1,184,0,100,120,145,365,Basel-Mulhouse,Chantal,Voisin,"38, chemin Claudine Legendre, 04871 Hoareau","Université de Franche-Comté, Montbéliard",Montbéliard,False,,,,,,,,17,4
33,33,Belfort,Strasbourg,2025-05-08 18:45:00,2025-05-09 12:15:00,Conference,True,plane,,1,734,0,100,120,53,273,Basel-Mulhouse,Laure,Merle,"973, rue Gérard Chauvin, 24636 Becker","Université de Franche-Comté, Belfort",Belfort,True,diesel,Renault Clio,5.0,5.0,diesel,0.16,,18,1
34,34,Montbéliard,Nice,2025-05-06 13:00:00,2025-05-09 16:15:00,Meeting,True,plane,,0,124,0,300,120,56,476,Basel-Mulhouse,Jeanne,Guillet,"772, rue de Klein, 51450 Gilles","Université de Franche-Comté, Montbéliard",Montbéliard,True,diesel,Renault Clio,5.0,8.0,diesel,0.16,,13,8
35,35,Belfort,Nice,2025-05-05 10:00:00,2025-05-08 11:15:00,Training,True,plane,,0,327,0,300,120,117,537,Basel-Mulhouse,Gabriel,Cohen,"69, rue Gautier, 32140 Arnaud","Université de Franche-Comté, Belfort",Belfort,True,diesel,Renault Clio,5.0,4.0,diesel,0.16,,10,8
36,36,Montbéliard,Lyon,2025-05-09 20:15:00,2025-05-10 06:15:00,Training,True,car,Fiat Panda,1,618,10,100,0,70,180,,Brigitte,Boucher,"56, chemin de Perrin, 48946 Sainte Alice-la-Forêt","Université de Franche-Comté, Montbéliard",Montbéliard,True,gasoline,Fiat Panda,4.0,10.0,gasoline,0.17,,20,1
37,37,Montbéliard,Dijon,2025-05-01 06:45:00,2025-05-03 16:00:00,Training,True,car,Renault Clio,0,180,20,200,0,144,364,,Juliette,Raymond,"rue Alix Moreno, 89788 Meunier-les-Bains","Université de Franche-Comté, Montbéliard",Montbéliard,True,diesel,Renault Clio,5.0,8.0,diesel,0.16,,6,8
38,38,Belfort,Dijon,2025-05-06 08:45:00,2025-05-07 19:15:00,Conference,True,plane,,0,479,0,100,120,137,357,Basel-Mulhouse,Aurore,Richard,"10, boulevard Maury, 86260 Rousseau-sur-Mer","Université de Franche-Comté, Belfort",Belfort,False,,,,,,,,8,6
39,39,Belfort,Strasbourg,2025-05-02 20:30:00,2025-05-03 17:30:00,Meeting,True,plane,,1,264,0,100,120,57,277,Basel-Mulhouse,Étienne,Hoareau,"28, boulevard de Perrot, 90623 Techer-sur-Mer","Université de Franche-Comté, Belfort",Belfort,True,gasoline,Audi A4,5.0,4.0,gasoline,0.185,,20,2
40,40,Montbéliard,Dijon,2025-05-04 06:45:00,2025-05-05 07:30:00,Meeting,True,plane,,0,188,0,100,120,121,341,Basel-Mulhouse,Astrid,Louis,"96, boulevard de Lamy, 40682 Huet-les-Bains","Université de Franche-Comté, Montbéliard",Montbéliard,False,,,,,,,,6,8
41,41,Belfort,Nice,2025-05-09 06:45:00,2025-05-11 15:15:00,Meeting,True,car,Renault Clio,1,136,20,200,0,73,293,,Alexandre,Nicolas,"41, avenue de Guillaume, 47749 Fabre-la-Forêt","Université de Franche-Comté, Belfort",Belfort,True,diesel,Renault Clio,5.0,6.0,diesel,0.16,,6,2
42,42,Besançon,Paris,2025-05-07 17:30:00,2025-05-10 08:15:00,Meeting,True,plane,,0,674,0,300,120,132,552,Dole-Jura,Emmanuelle,Marty,"6, rue Weber, 50274 Maillotboeuf","Université de Franche-Comté, Besançon",Besançon,False,,,,,,,,17,6
43,43,Montbéliard,Toulouse,2025-05-04 14:45:00,2025-05-06 20:30:00,Conference,True,car,,1,106,20,200,0,100,320,,Alfred,Andre,"14, rue Élisabeth Riou, 05385 Gautierboeuf","Université de Franche-Comté, Montbéliard",Montbéliard,False,,,,,,,,14,2
44,44,Besançon,Paris,2025-05-11 10:00:00,2025-05-14 06:30:00,Training,True,car,Audi A4,1,744,30,300,0,79,409,,Hortense,Benard,"7, avenue Hamel, 33966 Sainte Éléonore-la-Forêt","Université de Franche-Comté, Besançon",Besançon,True,gasoline,Audi A4,5.0,6.0,gasoline,0.185,,10,1
45,45,Belfort,Lyon,2025-05-04 09:15:00,2025-05-06 20:15:00,Conference,True,plane,,0,507,0,200,120,60,380,Basel-Mulhouse,Danielle,Léger,"74, rue Charles Navarro, 95376 Bazin-sur-Humbert","Université de Franche-Comté, Belfort",Belfort,False,,,,,,,,9,6
46,46,Montbéliard,Toulouse,2025-05-04 18:15:00,2025-05-05 09:45:00,Training,True,car,Audi A4,0,711,10,100,0,114,224,,Gilles,Barthelemy,"45, rue Céline Legros, 36234 Leroy","Université de Franche-Comté, Montbéliard",Montbéliard,True,gasoline,Audi A4,5.0,8.0,gasoline,0.185,,18,3
47,47,Besançon,Toulouse,2025-05-01 07:45:00,2025-05-02 17:30:00,Training,True,car,Peugeot 208,0,383,10,100,0,148,258,,Patricia,Rocher,"64, rue Delorme, 26269 Étienneboeuf","Université de Franche-Comté, Besançon",Besançon,True,diesel,Peugeot 208,5.0,9.0,diesel,0.155,,7,5
48,48,Belfort,Lyon,2025-05-08 11:45:00,2025-05-10 08:30:00,Training,True,plane,,1,208,0,200,120,59,379,Basel-Mulhouse,David,Henry,"95, rue Claude Labbé, 59337 Diallo-sur-Collin","Université de Franche-Comté, Belfort",Belfort,False,,,,,,,,11,4
49,49,Belfort,Dijon,2025-05-10 13:00:00,2025-05-11 15:45:00,Training,True,plane,,0,789,0,100,120,67,287,Basel-Mulhouse,Adélaïde,Lambert,"33, rue de Laporte, 63764 Leroy","Université de Franche-Comté, Belfort",Belfort,True,hybrid,Toyota Prius,5.0,6.0,hybrid,0.1,,13,3
50,50,Belfort,Dijon,2025-05-05 18:30:00,2025-05-07 06:15:00,Meeting,True,plane,,1,353,0,200,120,150,470,Basel-Mulhouse,Philippine,Lecomte,"65, chemin de Ollivier, 70379 Cordier","Université de Franche-Comté, Belfort",Belfort,True,gasoline,Audi A4,5.0,4.0,gasoline,0.185,,18,4
51,51,Besançon,Paris,2025-05-03 20:30:00,2025-05-06 15:00:00,Meeting,True,plane,,1,174,0,300,120,62,482,Dole-Jura,Jean,Turpin,"8, chemin de Julien, 57834 Marchal","Université de Franche-Comté, Besançon",Besançon,False,,,,,,,,20,4
52,52,Belfort,Strasbourg,2025-05-06 12:15:00,2025-05-09 09:00:00,Training,True,plane,,0,732,0,300,120,132,552,Basel-Mulhouse,Alain,Jacquet,"96, rue Lorraine Simon, 80728 Saint Suzannenec","Université de Franche-Comté, Belfort",Belfort,True,gasoline,Fiat Panda,4.0,9.0,gasoline,0.17,,12,6
53,53,Belfort,Marseille,2025-05-06 07:15:00,2025-05-07 20:00:00,Training,True,plane,,0,198,0,100,120,100,320,Basel-Mulhouse,Mathilde,Meunier,"14, rue de Boulay, 90269 Chevallier-sur-Millet","Université de Franche-Comté, Belfort",Belfort,True,hybrid,Toyota Prius,5.0,5.0,hybrid,0.1,,7,5
54,54,Belfort,Strasbourg,2025-05-09 18:30:00,2025-05-11 14:45:00,Conference,True,plane,,0,128,0,200,120,150,470,Basel-Mulhouse,Juliette,Maillot,"45, rue Dupont, 22154 Devaux","Université de Franche-Comté, Belfort",Belfort,True,hybrid,Toyota Prius,5.0,8.0,hybrid,0.1,,18,0
55,55,Belfort,Paris,2025-05-04 13:15:00,2025-05-05 19:45:00,Meeting,True,plane,,1,318,0,100,120,120,340,Basel-Mulhouse,Édouard,De Sousa,"21, avenue Letellier, 01917 Martins-les-Bains","Université de Franche-Comté, Belfort",Belfort,True,diesel,Renault Clio,5.0,7.0,diesel,0.16,,13,2
56,56,Besançon,Strasbourg,2025-05-07 20:30:00,2025-05-10 10:15:00,Meeting,True,car,Peugeot 208,1,253,30,300,0,73,403,,Maggie,Weiss,"34, avenue Victor Dias, 88211 Saint Alfred-la-Forêt","Université de Franche-Comté, Besançon",Besançon,True,diesel,Peugeot 208,5.0,7.0,diesel,0.155,,20,4
57,57,Montbéliard,Nice,2025-05-05 06:15:00,2025-05-08 14:45:00,Conference,True,car,,0,480,30,300,0,105,435,,Roger,Blanc,"63, rue Jules Andre, 49463 Moreaunec","Université de Franche-Comté, Montbéliard",Montbéliard,False,,,,,,,,6,6
58,58,Montbéliard,Marseille,2025-05-04 07:30:00,2025-05-06 12:30:00,Conference,True,car,Peugeot 208,1,171,20,200,0,91,311,,Luc,Letellier,"rue Augustin Traore, 76587 Guichard","Université de Franche-Comté, Montbéliard",Montbéliard,True,diesel,Peugeot 208,5.0,5.0,diesel,0.155,,7,2
59,59,Montbéliard,Nice,2025-05-02 09:45:00,2025-05-04 15:30:00,Conference,True,plane,,1,307,0,200,120,129,449,Basel-Mulhouse,Maggie,Lombard,"59, rue de Grenier, 28853 Henry-sur-Mer","Université de Franche-Comté, Montbéliard",Montbéliard,True,diesel,Renault Clio,5.0,10.0,diesel,0.16,,9,4
60,60,Besançon,Dijon,2025-05-02 07:45:00,2025-05-04 14:30:00,Meeting,True,car,Fiat Panda,1,104,20,200,0,112,332,,Joséphine,Bernier,"rue Masse, 01502 Monnier","Université de Franche-Comté, Besançon",Besançon,True,gasoline,Fiat Panda,4.0,4.0,gasoline,0.17,,7,2
61,61,Montbéliard,Strasbourg,2025-05-10 14:30:00,2025-05-12 17:45:00,Meeting,True,plane,,0,110,0,200,120,98,418,Basel-Mulhouse,Audrey,Julien,"rue de Joseph, 63974 Renaud","Université de Franche-Comté, Montbéliard",Montbéliard,False,,,,,,,,14,8
62,62,Belfort,Strasbourg,2025-05-04 12:15:00,2025-05-07 16:30:00,Training,True,car,,0,387,30,300,0,54,384,,Jeannine,Morvan,"70, rue de Roux, 20708 Sainte Hugues","Université de Franche-Comté, Belfort",Belfort,False,,,,,,,,12,6
63,63,Montbéliard,Toulouse,2025-05-01 19:00:00,2025-05-04 11:15:00,Meeting,True,car,,0,578,30,300,0,137,467,,Josette,Marie,"84, boulevard André Guillaume, 91816 Saint Denis-sur-Mer","Université de Franche-Comté, Montbéliard",Montbéliard,False,,,,,,,,19,6
64,64,Belfort,Lyon,2025-05-09 11:45:00,2025-05-11 15:45:00,Training,True,car,,1,602,20,200,0,133,353,,Matthieu,Jacquot,"97, avenue de Chauvet, 78472 Bourdon","Université de Franche-Comté, Belfort",Belfort,False,,,,,,,,11,1
65,65,Montbéliard,Nice,2025-05-01 07:00:00,2025-05-04 13:00:00,Conference,True,car,Fiat Panda,1,610,30,300,0,134,464,,Patricia,Grondin,"2, rue Gilles Moulin, 80359 Gosselin-la-Forêt","Université de Franche-Comté, Montbéliard",Montbéliard,True,gasoline,Fiat Panda,4.0,8.0,gasoline,0.17,,7,1
66,66,Montbéliard,Strasbourg,2025-05-10 12:15:00,2025-05-13 08:00:00,Training,True,plane,,0,115,0,300,120,106,526,Basel-Mulhouse,Clémence,Grondin,"5, boulevard de Dupont, 82322 Rousseau","Université de Franche-Comté, Montbéliard",Montbéliard,True,diesel,Peugeot 208,5.0,7.0,diesel,0.155,,12,8
67,67,Montbéliard,Paris,2025-05-06 15:00:00,2025-05-07 09:00:00,Training,True,car,Toyota Prius,0,692,10,100,0,87,197,,Audrey,Blot,"68, boulevard de Laroche, 20223 Boucher","Université de Franche-Comté, Montbéliard",Montbéliard,True,hybrid,Toyota Prius,5.0,10.0,hybrid,0.1,,15,3
68,68,Montbéliard,Toulouse,2025-05-11 18:00:00,2025-05-13 13:15:00,Meeting,True,car,,0,793,20,200,0,123,343,,Gabriel,Bourdon,"22, chemin de Royer, 58401 Gérard","Université de Franche-Comté, Montbéliard",Montbéliard,False,,,,,,,,18,3
69,69,Montbéliard,Toulouse,2025-05-11 18:30:00,2025-05-12 10:15:00,Meeting,True,car,,1,242,10,100,0,54,164,,Yves,Pruvost,"6, boulevard Chauvet, 56229 GautierBourg","Université de Franche-Comté, Montbéliard",Montbéliard,False,,,,,,,,18,2
70,70,Montbéliard,Strasbourg,2025-05-07 12:00:00,2025-05-08 13:00:00,Conference,True,plane,,1,457,0,100,120,138,358,Basel-Mulhouse,Lucie,Traore,"5, rue de Pons, 85910 Saint Hélène","Université de Franche-Comté, Montbéliard",Montbéliard,True,diesel,Peugeot 208,5.0,8.0,diesel,0.155,,12,2
71,71,Belfort,Marseille,2025-05-01 08:00:00,2025-05-02 11:45:00,Meeting,True,car,,1,684,10,100,0,68,178,,Laurent,Vallée,"chemin Lelièvre, 11298 Bertin-les-Bains","Université de Franche-Comté, Belfort",Belfort,False,,,,,,,,8,1
72,72,Besançon,Strasbourg,2025-05-02 15:00:00,2025-05-04 16:00:00,Meeting,True,car,Fiat Panda,0,180,20,200,0,101,321,,Virginie,Petitjean,"chemin Jeannine Legrand, 78229 Fernandes-sur-Blanc","Université de Franche-Comté, Besançon",Besançon,True,gasoline,Fiat Panda,4.0,7.0,gasoline,0.17,,15,8
73,73,Besançon,Marseille,2025-05-04 14:00:00,2025-05-05 15:15:00,Meeting,True,plane,,0,488,0,100,120,61,281,Dole-Jura,Anaïs,Grondin,"chemin Robert Techer, 08588 Chauvet","Université de Franche-Comté, Besançon",Besançon,False,,,,,,,,14,5
74,74,Belfort,Marseille,2025-05-11 10:15:00,2025-05-14 11:45:00,Conference,True,plane,,0,701,0,300,120,128,548,Basel-Mulhouse,Michelle,Rodriguez,"33, rue Dominique Bouvet, 20810 Sainte Éléonore","Université de Franche-Comté, Belfort",Belfort,True,gasoline,Fiat Panda,4.0,6.0,gasoline,0.17,,10,6
75,75,Montbéliard,Marseille,2025-05-11 13:45:00,2025-05-14 19:15:00,Training,True,plane,,0,669,0,300,120,103,523,Basel-Mulhouse,Stéphanie,Ledoux,"866, chemin Marc Lefort, 67503 Marchand","Université de Franche-Comté, Montbéliard",Montbéliard,True,hybrid,Toyota Prius,5.0,7.0,hybrid,0.1,,13,0
76,76,Belfort,Strasbourg,2025-05-11 20:45:00,2025-05-13 14:30:00,Conference,True,car,Peugeot 208,0,748,20,200,0,93,313,,Élodie,Legrand,"571, avenue Langlois, 89995 Saint Jérôme","Université de Franche-Comté, Belfort",Belfort,True,diesel,Peugeot 208,5.0,5.0,diesel,0.155,,20,3
77,77,Belfort,Dijon,2025-05-11 09:30:00,2025-05-12 10:15:00,Meeting,True,plane,,0,193,0,100,120,100,320,Basel-Mulhouse,Nathalie,Legros,"16, rue Susanne Lenoir, 87121 Antoine","Université de Franche-Comté, Belfort",Belfort,True,electric,Tesla Model 3,5.0,7.0,electric,0.03,0.15,9,0
78,78,Belfort,Strasbourg,2025-05-05 12:45:00,2025-05-08 11:15:00,Meeting,True,car,Tesla Model 3,0,128,30,300,0,68,398,,Éric,Neveu,"chemin Tanguy, 41311 Sainte Louise","Université de Franche-Comté, Belfort",Belfort,True,electric,Tesla Model 3,5.0,10.0,electric,0.03,0.15,12,0
79,79,Montbéliard,Marseille,2025-05-11 20:45:00,2025-05-14 10:30:00,Meeting,True,plane,,0,471,0,300,120,103,523,Basel-Mulhouse,Richard,Petit,"272, boulevard Vidal, 10838 Chrétienboeuf","Université de Franche-Comté, Montbéliard",Montbéliard,True,gasoline,Audi A4,5.0,10.0,gasoline,0.185,,20,6
80,80,Belfort,Dijon,2025-05-08 11:00:00,2025-05-10 09:45:00,Training,True,car,Audi A4,1,335,20,200,0,58,278,,Henriette,Mendès,"319, avenue Bernard Delorme, 43162 Lambert-sur-Leconte","Université de Franche-Comté, Belfort",Belfort,True,gasoline,Audi A4,5.0,5.0,gasoline,0.185,,11,2
81,81,Belfort,Lyon,2025-05-06 13:15:00,2025-05-07 20:15:00,Meeting,True,plane,,1,438,0,100,120,76,296,Basel-Mulhouse,Léon,Rodrigues,"64, boulevard Brunel, 64259 Jacques","Université de Franche-Comté, Belfort",Belfort,False,,,,,,,,13,2
82,82,Belfort,Toulouse,2025-05-10 06:00:00,2025-05-11 08:00:00,Meeting,True,car,Peugeot 208,1,377,10,100,0,93,203,,Martin,Poulain,"7, rue Clément, 86879 Da Silva-sur-Besson","Université de Franche-Comté, Belfort",Belfort,True,diesel,Peugeot 208,5.0,8.0,diesel,0.155,,6,2
83,83,Belfort,Paris,2025-05-05 13:15:00,2025-05-08 11:45:00,Conference,True,car,Fiat Panda,1,410,30,300,0,119,449,,Lucas,Royer,"1, avenue Richard Aubry, 29905 Sainte Anne","Université de Franche-Comté, Belfort",Belfort,True,gasoline,Fiat Panda,4.0,10.0,gasoline,0.17,,13,4
84,84,Besançon,Marseille,2025-05-11 17:45:00,2025-05-12 19:30:00,Meeting,True,car,Tesla Model 3,1,674,10,100,0,149,259,,Théodore,Ferrand,"11, boulevard de Prévost, 27360 Jean-sur-Mer","Université de Franche-Comté, Besançon",Besançon,True,electric,Tesla Model 3,5.0,5.0,electric,0.03,0.15,17,7
85,85,Besançon,Nice,2025-05-10 19:00:00,2025-05-11 18:00:00,Training,True,plane,,1,589,0,100,120,137,357,Dole-Jura,Juliette,Ramos,"3, rue Zoé Denis, 65432 Rouxnec","Université de Franche-Comté, Besançon",Besançon,False,,,,,,,,19,1
86,86,Belfort,Toulouse,2025-05-09 20:00:00,2025-05-10 13:45:00,Meeting,True,car,,1,271,10,100,0,142,252,,Adrienne,Dubois,"47, chemin Maillard, 45425 Gillet-sur-Hamel","Université de Franche-Comté, Belfort",Belfort,False,,,,,,,,20,2
87,87,Belfort,Nice,2025-05-07 14:00:00,2025-05-09 20:00:00,Conference,True,car,Peugeot 208,0,239,20,200,0,149,369,,Anouk,Philippe,"36, boulevard Fontaine, 17171 Maryboeuf","Université de Franche-Comté, Belfort",Belfort,True,diesel,Peugeot 208,5.0,9.0,diesel,0.155,,14,8
88,88,Besançon,Strasbourg,2025-05-09 17:45:00,2025-05-10 08:30:00,Training,True,plane,,0,788,0,100,120,113,333,Dole-Jura,Emmanuelle,Lefèvre,"830, boulevard Lefort, 82891 Vallée","Université de Franche-Comté, Besançon",Besançon,True,hybrid,Toyota Prius,5.0,4.0,hybrid,0.1,,17,3
89,89,Besançon,Strasbourg,2025-05-02 07:30:00,2025-05-04 09:15:00,Conference,True,car,Fiat Panda,1,745,20,200,0,129,349,,Sylvie,Morel,"593, chemin Juliette Lejeune, 80667 Rey","Université de Franche-Comté, Besançon",Besançon,True,gasoline,Fiat Panda,4.0,8.0,gasoline,0.17,,7,1
90,90,Besançon,Strasbourg,2025-05-05 13:45:00,2025-05-07 09:30:00,Meeting,True,car,,1,774,20,200,0,118,338,,Gilbert,Lopez,"986, boulevard de Roux, 60701 De Oliveira-les-Bains","Université de Franche-Comté, Besançon",Besançon,False,,,,,,,,13,1
91,91,Belfort,Toulouse,2025-05-01 09:45:00,2025-05-02 06:15:00,Meeting,True,car,,1,135,10,100,0,111,221,,Élise,Girard,"41, avenue de Bertrand, 78955 Sainte Marcel","Université de Franche-Comté, Belfort",Belfort,False,,,,,,,,9,2
92,92,Montbéliard,Dijon,2025-05-04 16:15:00,2025-05-05 13:45:00,Meeting,True,plane,,0,673,0,100,120,149,369,Basel-Mulhouse,Patricia,Henry,"chemin de Diallo, 11838 Bodin-sur-Jacob","Université de Franche-Comté, Montbéliard",Montbéliard,False,,,,,,,,16,3
93,93,Belfort,Lyon,2025-05-05 07:45:00,2025-05-07 13:30:00,Conference,True,car,,1,142,20,200,0,93,313,,Zoé,Menard,"avenue Gilles Neveu, 97326 Charpentier","Université de Franche-Comté, Belfort",Belfort,False,,,,,,,,7,2
94,94,Montbéliard,Marseille,2025-05-10 10:00:00,2025-05-11 20:45:00,Meeting,True,car,Fiat Panda,0,457,10,100,0,126,236,,Thomas,Costa,"1, chemin de Rey, 86560 Lebon","Université de Franche-Comté, Montbéliard",Montbéliard,True,gasoline,Fiat Panda,4.0,5.0,gasoline,0.17,,10,5
95,95,Belfort,Nice,2025-05-04 12:15:00,2025-05-07 14:30:00,Conference,True,plane,,1,736,0,300,120,124,544,Basel-Mulhouse,Agnès,Breton,"1, boulevard Germain, 90123 Simon","Université de Franche-Comté, Belfort",Belfort,False,,,,,,,,12,1
96,96,Montbéliard,Toulouse,2025-05-04 20:30:00,2025-05-06 14:00:00,Meeting,True,car,Peugeot 208,1,371,20,200,0,87,307,,Alexandre,Mercier,"57, chemin de Hardy, 10760 Morin-sur-Mer","Université de Franche-Comté, Montbéliard",Montbéliard,True,diesel,Peugeot 208,5.0,6.0,diesel,0.155,,20,2
97,97,Montbéliard,Dijon,2025-05-09 10:45:00,2025-05-12 16:30:00,Conference,True,plane,,0,341,0,300,120,148,568,Basel-Mulhouse,Emmanuel,Pelletier,"84, chemin Marguerite Perez, 21899 Fernandes-sur-Collet","Université de Franche-Comté, Montbéliard",Montbéliard,True,gasoline,Audi A4,5.0,5.0,gasoline,0.185,,10,8
98,98,Besançon,Strasbourg,2025-05-05 14:30:00,2025-05-08 08:15:00,Training,True,plane,,0,264,0,300,120,89,509,Dole-Jura,Nicolas,Léger,"69, chemin Michel Morvan, 42321 Lefèvre","Université de Franche-Comté, Besançon",Besançon,True,gasoline,Fiat Panda,4.0,4.0,gasoline,0.17,,14,8
99,99,Montbéliard,Marseille,2025-05-07 11:45:00,2025-05-10 18:15:00,Meeting,True,plane,,1,625,0,300,120,95,515,Basel-Mulhouse,Christine,Garcia,"rue de Noël, 23723 Munoz","Université de Franche-Comté, Montbéliard",Montbéliard,True,diesel,Peugeot 208,5.0,9.0,diesel,0.155,,11,1
100,100,Montbéliard,Dijon,2025-05-03 09:15:00,2025-05-05 08:00:00,Conference,True,car,,0,518,20,200,0,63,283,,Philippe,Legendre,"5, boulevard de Baudry, 56472 Mace-sur-Guillot","Université de Franche-Comté, Montbéliard",Montbéliard,False,,,,,,,,9,5
101,101,Besançon,Strasbourg,2025-05-01 17:15:00,2025-05-02 19:45:00,Training,True,car,Toyota Prius,0,220,10,100,0,111,221,,Margot,Guillon,"677, rue Valérie Blin, 30704 Peltier-sur-Mer","Université de Franche-Comté, Besançon",Besançon,True,hybrid,Toyota Prius,5.0,10.0,hybrid,0.1,,17,5
102,102,Besançon,Marseille,2025-05-03 18:00:00,2025-05-06 08:15:00,Conference,True,car,,1,264,30,300,0,61,391,,Sylvie,Berger,"50, chemin Munoz, 21868 Sainte Juliette-les-Bains","Université de Franche-Comté, Besançon",Besançon,False,,,,,,,,18,4
103,103,Belfort,Lyon,2025-05-05 12:15:00,2025-05-08 07:00:00,Meeting,True,plane,,0,335,0,300,120,139,559,Basel-Mulhouse,Odette,Gaillard,"boulevard Lucy Tanguy, 12507 Dupontdan","Université de Franche-Comté, Belfort",Belfort,True,hybrid,Toyota Prius,5.0,7.0,hybrid,0.1,,12,0
104,104,Montbéliard,Strasbourg,2025-05-02 07:15:00,2025-05-03 06:30:00,Meeting,True,plane,,1,310,0,100,120,52,272,Basel-Mulhouse,Charles,Moreno,"2, avenue de Becker, 35947 Saint Amélie-la-Forêt","Université de Franche-Comté, Montbéliard",Montbéliard,True,electric,Tesla Model 3,5.0,9.0,electric,0.03,0.15,7,2
105,105,Belfort,Paris,2025-05-08 10:45:00,2025-05-10 18:00:00,Meeting,True,plane,,0,320,0,200,120,95,415,Basel-Mulhouse,Alix,Fernandes,"7, boulevard Brunet, 91743 Laroche","Université de Franche-Comté, Belfort",Belfort,True,electric,Tesla Model 3,5.0,10.0,electric,0.03,0.15,10,0
106,106,Belfort,Paris,2025-05-09 15:45:00,2025-05-11 18:15:00,Training,True,car,,1,380,20,200,0,112,332,,Étienne,Merle,"4, rue Seguin, 07637 Sainte Édithdan","Université de Franche-Comté, Belfort",Belfort,False,,,,,,,,15,2
107,107,Belfort,Toulouse,2025-05-06 15:00:00,2025-05-07 12:45:00,Training,True,car,,1,749,10,100,0,50,160,,Virginie,Turpin,"1, chemin de Brun, 73653 Sainte Laure","Université de Franche-Comté, Belfort",Belfort,False,,,,,,,,15,1
108,108,Besançon,Nice,2025-05-06 17:15:00,2025-05-09 20:45:00,Conference,True,car,,0,310,30,300,0,54,384,,Stéphanie,Raymond,"4, boulevard Chantal Klein, 33582 Vincent-sur-Lefèvre","Université de Franche-Comté, Besançon",Besançon,False,,,,,,,,17,8
109,109,Belfort,Marseille,2025-05-01 12:00:00,2025-05-03 20:00:00,Training,True,plane,,1,456,0,200,120,104,424,Basel-Mulhouse,Grégoire,Marion,"rue de Le Roux, 77877 Laroche","Université de Franche-Comté, Belfort",Belfort,False,,,,,,,,12,4
110,110,Besançon,Paris,2025-05-03 10:15:00,2025-05-04 11:00:00,Conference,True,plane,,0,496,0,100,120,60,280,Dole-Jura,Benjamin,Mallet,"25, rue Imbert, 39575 Lemaire","Université de Franche-Comté, Besançon",Besançon,True,hybrid,Toyota Prius,5.0,10.0,hybrid,0.1,,10,5
111,111,Besançon,Dijon,2025-05-11 18:00:00,2025-05-12 12:00:00,Meeting,True,plane,,0,781,0,100,120,129,349,Dole-Jura,Thérèse,Hernandez,"7, chemin de Simon, 66177 Saint Marine","Université de Franche-Comté, Besançon",Besançon,False,,,,,,,,18,3
112,112,Besançon,Marseille,2025-05-01 06:15:00,2025-05-03 12:00:00,Meeting,True,plane,,1,116,0,200,120,84,404,Dole-Jura,Josette,Vaillant,"3, avenue de Vaillant, 95603 Hamon","Université de Franche-Comté, Besançon",Besançon,False,,,,,,,,6,4
113,113,Belfort,Strasbourg,2025-05-01 19:15:00,2025-05-03 13:45:00,Conference,True,car,,1,614,20,200,0,74,294,,Sylvie,Evrard,"634, boulevard de Adam, 58967 Colas","Université de Franche-Comté, Belfort",Belfort,False,,,,,,,,19,1
114,114,Besançon,Marseille,2025-05-01 10:45:00,2025-05-04 20:30:00,Meeting,True,car,Fiat Panda,0,510,30,300,0,110,440,,Aimée,Simon,"91, boulevard Evrard, 25696 Delorme","Université de Franche-Comté, Besançon",Besançon,True,gasoline,Fiat Panda,4.0,10.0,gasoline,0.17,,10,6
115,115,Montbéliard,Strasbourg,2025-05-09 14:15:00,2025-05-11 10:30:00,Conference,True,car,Audi A4,1,295,20,200,0,146,366,,Aimée,Nguyen,"25, rue de Chauvin, 74497 Maillet","Université de Franche-Comté, Montbéliard",Montbéliard,True,gasoline,Audi A4,5.0,8.0,gasoline,0.185,,14,4
116,116,Besançon,Paris,2025-05-03 06:15:00,2025-05-06 09:15:00,Meeting,True,plane,,1,652,0,300,120,88,508,Dole-Jura,Xavier,Carlier,"avenue Lambert, 70446 Voisin-sur-Hervé","Université de Franche-Comté, Besançon",Besançon,True,gasoline,Audi A4,5.0,4.0,gasoline,0.185,,6,1
117,117,Montbéliard,Paris,2025-05-07 10:45:00,2025-05-10 15:45:00,Meeting,True,car,Renault Clio,0,152,30,300,0,65,395,,Henriette,Bègue,"881, rue Moreau, 47363 Salmon-sur-Mary","Université de Franche-Comté, Montbéliard",Montbéliard,True,diesel,Renault Clio,5.0,7.0,diesel,0.16,,10,8
118,118,Besançon,Strasbourg,2025-05-09 07:15:00,2025-05-10 18:15:00,Training,True,plane,,1,414,0,100,120,50,270,Dole-Jura,Monique,Guillou,"6, rue de Albert, 42298 Augerboeuf","Université de Franche-Comté, Besançon",Besançon,True,hybrid,Toyota Prius,5.0,5.0,hybrid,0.1,,7,2
119,119,Montbéliard,Paris,2025-05-07 10:00:00,2025-05-10 15:00:00,Meeting,True,plane,,0,249,0,300,120,108,528,Basel-Mulhouse,Céline,Royer,"1, avenue Cécile Gomez, 07861 Diallo-sur-Camus","Université de Franche-Comté, Montbéliard",Montbéliard,False,,,,,,,,10,8
120,120,Besançon,Marseille,2025-05-03 15:45:00,2025-05-05 19:30:00,Training,True,plane,,0,439,0,200,120,56,376,Dole-Jura,Margot,Pichon,"96, avenue Louise Thomas, 06525 Sainte Tristan-sur-Mer","Université de Franche-Comté, Besançon",Besançon,False,,,,,,,,15,6
121,121,Montbéliard,Nice,2025-05-09 06:30:00,2025-05-12 12:00:00,Training,True,plane,,0,335,0,300,120,110,530,Basel-Mulhouse,Amélie,Lemonnier,"39, boulevard de Chauvin, 20548 Adam","Université de Franche-Comté, Montbéliard",Montbéliard,True,gasoline,Audi A4,5.0,7.0,gasoline,0.185,,6,8
122,122,Belfort,Dijon,2025-05-01 11:00:00,2025-05-02 08:00:00,Training,True,car,Renault Clio,1,262,10,100,0,77,187,,Gilbert,Hebert,"37, avenue Robert Lebon, 53873 Legendre-sur-Mer","Université de Franche-Comté, Belfort",Belfort,True,diesel,Renault Clio,5.0,4.0,diesel,0.16,,11,2
123,123,Besançon,Paris,2025-05-01 06:00:00,2025-05-02 12:15:00,Meeting,True,car,Peugeot 208,0,402,10,100,0,66,176,,Victoire,Vincent,"9, chemin Fontaine, 74754 Roger-sur-Maréchal","Université de Franche-Comté, Besançon",Besançon,True,diesel,Peugeot 208,5.0,7.0,diesel,0.155,,6,5
124,124,Belfort,Marseille,2025-05-04 13:15:00,2025-05-06 07:00:00,Training,True,car,Fiat Panda,0,270,20,200,0,51,271,,Nathalie,Guillet,"656, rue Isaac Bouchet, 51307 Dufourdan","Université de Franche-Comté, Belfort",Belfort,True,gasoline,Fiat Panda,4.0,7.0,gasoline,0.17,,13,5
125,125,Belfort,Paris,2025-05-11 13:30:00,2025-05-12 17:30:00,Conference,True,car,Toyota Prius,1,425,10,100,0,72,182,,Eugène,Antoine,"64, rue Rémy Coste, 73254 Petit-la-Forêt","Université de Franche-Comté, Belfort",Belfort,True,hybrid,Toyota Prius,5.0,6.0,hybrid,0.1,,13,2
126,126,Belfort,Paris,2025-05-02 17:30:00,2025-05-05 15:00:00,Meeting,True,car,Renault Clio,1,590,30,300,0,70,400,,Arthur,Berthelot,"avenue Richard Cordier, 43513 Buissonnec","Université de Franche-Comté, Belfort",Belfort,True,diesel,Renault Clio,5.0,9.0,diesel,0.16,,17,1
127,127,Belfort,Strasbourg,2025-05-06 10:15:00,2025-05-09 18:45:00,Conference,True,plane,,1,320,0,300,120,143,563,Basel-Mulhouse,Michèle,Masse,"27, chemin de Michel, 46826 Roger","Université de Franche-Comté, Belfort",Belfort,False,,,,,,,,10,4
128,128,Montbéliard,Toulouse,2025-05-08 13:00:00,2025-05-09 13:45:00,Conference,True,car,,1,628,10,100,0,100,210,,Agathe,Raynaud,"29, chemin Morvan, 18886 Lambert","Université de Franche-Comté, Montbéliard",Montbéliard,False,,,,,,,,13,1
129,129,Belfort,Marseille,2025-05-09 18:15:00,2025-05-11 17:00:00,Meeting,True,car,Audi A4,1,340,20,200,0,115,335,,Hortense,Ledoux,"1, rue de Godard, 68685 ReynaudBourg","Université de Franche-Comté, Belfort",Belfort,True,gasoline,Audi A4,5.0,4.0,gasoline,0.185,,18,2
130,130,Belfort,Toulouse,2025-05-01 07:45:00,2025-05-04 06:45:00,Training,True,car,,1,768,30,300,0,101,431,,René,Moreno,"boulevard Jacques, 33991 Grégoire-la-Forêt","Université de Franche-Comté, Belfort",Belfort,False,,,,,,,,7,1
131,131,Montbéliard,Strasbourg,2025-05-04 12:00:00,2025-05-07 20:30:00,Meeting,True,car,Toyota Prius,0,214,30,300,0,78,408,,Renée,Gros,"rue Christiane Hoareau, 35855 Lenoirdan","Université de Franche-Comté, Montbéliard",Montbéliard,True,hybrid,Toyota Prius,5.0,5.0,hybrid,0.1,,12,0
132,132,Besançon,Dijon,2025-05-11 11:30:00,2025-05-13 08:15:00,Training,True,plane,,0,794,0,200,120,115,435,Dole-Jura,Michelle,Monnier,"795, avenue Dupont, 85640 Meyer-la-Forêt","Université de Franche-Comté, Besançon",Besançon,False,,,,,,,,11,6
133,133,Besançon,Strasbourg,2025-05-07 14:15:00,2025-05-08 16:00:00,Meeting,True,car,,1,416,10,100,0,97,207,,Yves,Delorme,"8, chemin Camille Seguin, 43524 Royer-sur-Mer","Université de Franche-Comté, Besançon",Besançon,False,,,,,,,,14,2
134,134,Montbéliard,Lyon,2025-05-08 08:00:00,2025-05-10 07:15:00,Conference,True,plane,,0,727,0,200,120,74,394,Basel-Mulhouse,Aimée,Rousseau,"11, chemin de Toussaint, 83276 Sainte Théophile","Université de Franche-Comté, Montbéliard",Montbéliard,True,diesel,Renault Clio,5.0,5.0,diesel,0.16,,8,3
135,135,Montbéliard,Strasbourg,2025-05-05 15:15:00,2025-05-06 18:15:00,Conference,True,plane,,1,257,0,100,120,129,349,Basel-Mulhouse,Adèle,Baudry,"743, rue de Bernard, 63299 Berthelot-sur-Mer","Université de Franche-Comté, Montbéliard",Montbéliard,True,hybrid,Toyota Prius,5.0,9.0,hybrid,0.1,,15,2
136,136,Belfort,Paris,2025-05-07 15:30:00,2025-05-10 16:45:00,Conference,True,car,,0,647,30,300,0,99,429,,Maggie,Perrin,"880, avenue Inès Jacquet, 72135 Delaunay","Université de Franche-Comté, Belfort",Belfort,False,,,,,,,,15,6
137,137,Montbéliard,Nice,2025-05-11 16:15:00,2025-05-14 12:45:00,Meeting,True,plane,,1,263,0,300,120,71,491,Basel-Mulhouse,Nathalie,Blot,"85, rue de Imbert, 44363 Brun","Université de Franche-Comté, Montbéliard",Montbéliard,False,,,,,,,,16,4
138,138,Belfort,Toulouse,2025-05-03 13:15:00,2025-05-04 07:15:00,Meeting,True,plane,,1,543,0,100,120,71,291,Basel-Mulhouse,Margot,Joubert,"47, boulevard de Lombard, 07775 LeleuVille","Université de Franche-Comté, Belfort",Belfort,False,,,,,,,,13,1
139,139,Besançon,Paris,2025-05-04 09:45:00,2025-05-07 18:15:00,Conference,True,car,Fiat Panda,1,262,30,300,0,67,397,,Victor,Berthelot,"311, avenue de Diallo, 19946 Schneider","Université de Franche-Comté, Besançon",Besançon,True,gasoline,Fiat Panda,4.0,9.0,gasoline,0.17,,9,4
140,140,Montbéliard,Nice,2025-05-05 09:30:00,2025-05-06 08:45:00,Meeting,True,car,,0,647,10,100,0,114,224,,Danielle,Ferreira,"482, rue Martin, 85545 Barthelemy-la-Forêt","Université de Franche-Comté, Montbéliard",Montbéliard,False,,,,,,,,9,3
141,141,Belfort,Lyon,2025-05-06 11:15:00,2025-05-08 12:15:00,Training,True,car,Tesla Model 3,0,353,20,200,0,140,360,,Xavier,Leblanc,"avenue Roussel, 36684 Saint Robert-la-Forêt","Université de Franche-Comté, Belfort",Belfort,True,electric,Tesla Model 3,5.0,9.0,electric,0.03,0.15,11,0
142,142,Besançon,Toulouse,2025-05-01 09:00:00,2025-05-02 06:30:00,Training,True,car,,1,441,10,100,0,99,209,,Édouard,Diallo,"836, rue Aubry, 13661 Rémy","Université de Franche-Comté, Besançon",Besançon,False,,,,,,,,9,2
143,143,Besançon,Toulouse,2025-05-06 10:30:00,2025-05-07 09:00:00,Training,True,plane,,1,696,0,100,120,84,304,Dole-Jura,Corinne,Rossi,"74, rue de Petit, 31558 Vasseur","Université de Franche-Comté, Besançon",Besançon,True,electric,Tesla Model 3,5.0,9.0,electric,0.03,0.15,10,7
144,144,Besançon,Paris,2025-05-07 12:15:00,2025-05-10 09:30:00,Training,True,plane,,0,305,0,300,120,79,499,Dole-Jura,Susan,Gauthier,"68, chemin de Barre, 02510 Schneider","Université de Franche-Comté, Besançon",Besançon,False,,,,,,,,12,8
145,145,Belfort,Paris,2025-05-07 09:45:00,2025-05-10 17:00:00,Training,True,plane,,1,580,0,300,120,131,551,Basel-Mulhouse,Gérard,Gosselin,"17, rue de Dumont, 52824 Saint Théophile","Université de Franche-Comté, Belfort",Belfort,True,hybrid,Toyota Prius,5.0,9.0,hybrid,0.1,,9,9
146,146,Belfort,Toulouse,2025-05-09 09:45:00,2025-05-12 12:45:00,Meeting,True,car,Toyota Prius,1,137,30,300,0,124,454,,Matthieu,Renard,"775, rue Vaillant, 40445 LeblancVille","Université de Franche-Comté, Belfort",Belfort,True,hybrid,Toyota Prius,5.0,10.0,hybrid,0.1,,9,4
147,147,Belfort,Strasbourg,2025-05-10 09:15:00,2025-05-12 12:30:00,Conference,True,plane,,0,213,0,200,120,52,372,Basel-Mulhouse,Sabine,Perret,"490, avenue de Duhamel, 80334 Garnier","Université de Franche-Comté, Belfort",Belfort,True,gasoline,Fiat Panda,4.0,8.0,gasoline,0.17,,9,8
148,148,Belfort,Marseille,2025-05-09 06:00:00,2025-05-10 06:30:00,Meeting,True,car,,0,156,10,100,0,78,188,,Hugues,Perez,"874, avenue de Valentin, 02978 Leduc","Université de Franche-Comté, Belfort",Belfort,False,,,,,,,,6,5
149,149,Montbéliard,Toulouse,2025-05-09 14:00:00,2025-05-11 09:30:00,Conference,True,car,Fiat Panda,0,370,20,200,0,129,349,,Lorraine,Carpentier,"29, boulevard Augustin Letellier, 85301 Vidal","Université de Franche-Comté, Montbéliard",Montbéliard,True,gasoline,Fiat Panda,4.0,5.0,gasoline,0.17,,14,8
150,150,Belfort,Nice,2025-05-03 15:45:00,2025-05-05 08:15:00,Meeting,True,plane,,0,267,0,200,120,89,409,Basel-Mulhouse,Danielle,Dupré,"avenue Caroline Laroche, 41321 Leblanc","Université de Franche-Comté, Belfort",Belfort,False,,,,,,,,15,8
151,151,Montbéliard,Nice,2025-05-01 12:15:00,2025-05-02 07:00:00,Meeting,True,plane,,1,655,0,100,120,101,321,Basel-Mulhouse,Joseph,Nguyen,"46, avenue de Clerc, 42320 Saint Valentine","Université de Franche-Comté, Montbéliard",Montbéliard,True,gasoline,Audi A4,5.0,10.0,gasoline,0.185,,12,1
152,152,Montbéliard,Paris,2025-05-10 13:30:00,2025-05-12 10:15:00,Meeting,True,plane,,0,486,0,200,120,116,436,Basel-Mulhouse,Louise,Mahe,"88, avenue Anouk Mendès, 82703 Saint WilliamBourg","Université de Franche-Comté, Montbéliard",Montbéliard,True,gasoline,Fiat Panda,4.0,5.0,gasoline,0.17,,13,6
153,153,Besançon,Nice,2025-05-09 06:30:00,2025-05-10 10:00:00,Training,True,plane,,1,285,0,100,120,89,309,Dole-Jura,Tristan,Turpin,"boulevard Lebon, 78425 Peron","Université de Franche-Comté, Besançon",Besançon,True,diesel,Renault Clio,5.0,7.0,diesel,0.16,,6,2
154,154,Besançon,Marseille,2025-05-10 11:30:00,2025-05-13 16:30:00,Training,True,car,Toyota Prius,0,125,30,300,0,130,460,,Capucine,Lefort,"86, boulevard Margaud Letellier, 97674 Chauveau","Université de Franche-Comté, Besançon",Besançon,True,hybrid,Toyota Prius,5.0,9.0,hybrid,0.1,,11,0
155,155,Belfort,Dijon,2025-05-07 15:30:00,2025-05-08 18:00:00,Training,True,car,Audi A4,0,290,10,100,0,63,173,,Thibaut,Rousset,"47, avenue de Mercier, 80418 Paul","Université de Franche-Comté, Belfort",Belfort,True,gasoline,Audi A4,5.0,8.0,gasoline,0.185,,15,5
156,156,Belfort,Marseille,2025-05-02 13:00:00,2025-05-04 13:30:00,Training,True,plane,,1,123,0,200,120,142,462,Basel-Mulhouse,Susan,Grondin,"2, avenue Marcel Maurice, 30257 Schmitt","Université de Franche-Comté, Belfort",Belfort,True,diesel,Peugeot 208,5.0,6.0,diesel,0.155,,13,4
157,157,Besançon,Strasbourg,2025-05-02 17:00:00,2025-05-05 14:00:00,Training,True,car,,1,140,30,300,0,101,431,,Maryse,Bousquet,"85, avenue Rémy, 20462 Gérard-les-Bains","Université de Franche-Comté, Besançon",Besançon,False,,,,,,,,17,4
158,158,Montbéliard,Lyon,2025-05-09 07:45:00,2025-05-11 19:15:00,Training,True,car,Audi A4,0,310,20,200,0,105,325,,Auguste,Leroy,"95, boulevard Jacquet, 49997 Delattre","Université de Franche-Comté, Montbéliard",Montbéliard,True,gasoline,Audi A4,5.0,10.0,gasoline,0.185,,7,5
159,159,Besançon,Strasbourg,2025-05-06 17:00:00,2025-05-07 20:00:00,Training,True,car,Peugeot 208,1,273,10,100,0,51,161,,Anouk,Muller,"chemin Coulon, 95771 Perrier","Université de Franche-Comté, Besançon",Besançon,True,diesel,Peugeot 208,5.0,9.0,diesel,0.155,,17,2
160,160,Belfort,Strasbourg,2025-05-01 20:45:00,2025-05-02 13:00:00,Meeting,True,plane,,1,677,0,100,120,109,329,Basel-Mulhouse,Jules,Joseph,"58, chemin Christelle Brun, 83408 Lebon","Université de Franche-Comté, Belfort",Belfort,True,gasoline,Fiat Panda,4.0,7.0,gasoline,0.17,,20,1
161,161,Belfort,Toulouse,2025-05-07 20:45:00,2025-05-09 10:00:00,Meeting,True,plane,,0,649,0,200,120,143,463,Basel-Mulhouse,Christophe,Marion,"837, boulevard Valentine Hernandez, 20210 Leclercq","Université de Franche-Comté, Belfort",Belfort,False,,,,,,,,20,6
162,162,Besançon,Nice,2025-05-01 20:00:00,2025-05-02 07:15:00,Meeting,True,car,,0,798,10,100,0,116,226,,André,Grenier,"chemin Diane Costa, 51997 Bertrand","Université de Franche-Comté, Besançon",Besançon,False,,,,,,,,20,3
163,163,Montbéliard,Lyon,2025-05-11 18:00:00,2025-05-14 13:15:00,Meeting,True,plane,,1,282,0,300,120,83,503,Basel-Mulhouse,Luce,Perrot,"34, chemin Martine Guichard, 03858 Saint Henriette-les-Bains","Université de Franche-Comté, Montbéliard",Montbéliard,True,diesel,Renault Clio,5.0,7.0,diesel,0.16,,18,4
164,164,Belfort,Strasbourg,2025-05-10 06:00:00,2025-05-13 14:15:00,Training,True,car,Peugeot 208,0,343,30,300,0,72,402,,Benjamin,David,"46, boulevard de Martinez, 64104 Chrétien-sur-Jean","Université de Franche-Comté, Belfort",Belfort,True,diesel,Peugeot 208,5.0,4.0,diesel,0.155,,6,8
165,165,Belfort,Paris,2025-05-07 18:15:00,2025-05-10 08:00:00,Conference,True,plane,,1,505,0,300,120,73,493,Basel-Mulhouse,Théophile,Hernandez,"509, rue Dumas, 20550 Duhamel-les-Bains","Université de Franche-Comté, Belfort",Belfort,True,diesel,Renault Clio,5.0,9.0,diesel,0.16,,18,1
166,166,Besançon,Dijon,2025-05-05 13:45:00,2025-05-06 12:15:00,Conference,True,car,Peugeot 208,0,331,10,100,0,123,233,,Juliette,Lacombe,"322, boulevard de Valentin, 14164 Sainte Cécile-les-Bains","Université de Franche-Comté, Besançon",Besançon,True,diesel,Peugeot 208,5.0,5.0,diesel,0.155,,13,5
167,167,Besançon,Marseille,2025-05-07 15:00:00,2025-05-10 15:15:00,Meeting,True,plane,,1,781,0,300,120,88,508,Dole-Jura,Louis,Laporte,"448, boulevard de Fernandes, 20606 Meyer","Université de Franche-Comté, Besançon",Besançon,False,,,,,,,,15,1
168,168,Belfort,Paris,2025-05-05 07:15:00,2025-05-08 16:15:00,Conference,True,car,Fiat Panda,1,213,30,300,0,114,444,,Aurore,Legros,"23, rue de Buisson, 33404 Leconte-les-Bains","Université de Franche-Comté, Belfort",Belfort,True,gasoline,Fiat Panda,4.0,4.0,gasoline,0.17,,7,4
169,169,Besançon,Nice,2025-05-03 07:45:00,2025-05-05 19:30:00,Training,True,plane,,1,162,0,200,120,55,375,Dole-Jura,Pauline,Masson,"119, rue de Charpentier, 97637 Guérin","Université de Franche-Comté, Besançon",Besançon,False,,,,,,,,7,4
170,170,Besançon,Toulouse,2025-05-01 18:45:00,2025-05-03 07:45:00,Training,True,car,Peugeot 208,1,654,20,200,0,147,367,,Simone,Lamy,"2, boulevard David Hamel, 82234 Charpentier-sur-Noël","Université de Franche-Comté, Besançon",Besançon,True,diesel,Peugeot 208,5.0,5.0,diesel,0.155,,18,1
171,171,Besançon,Lyon,2025-05-09 08:00:00,2025-05-12 07:30:00,Conference,True,car,Tesla Model 3,0,370,30,300,0,140,470,,Lucie,Guillot,"62, boulevard Clémence Dumas, 05275 Lemaire","Université de Franche-Comté, Besançon",Besançon,True,electric,Tesla Model 3,5.0,7.0,electric,0.03,0.15,8,0
172,172,Montbéliard,Strasbourg,2025-05-06 16:00:00,2025-05-09 18:00:00,Conference,True,plane,,0,117,0,300,120,96,516,Basel-Mulhouse,René,Boutin,"635, rue de Rocher, 16639 Lesage","Université de Franche-Comté, Montbéliard",Montbéliard,True,diesel,Renault Clio,5.0,9.0,diesel,0.16,,16,8
173,173,Montbéliard,Lyon,2025-05-04 15:00:00,2025-05-05 15:30:00,Training,True,plane,,1,464,0,100,120,75,295,Basel-Mulhouse,Gabrielle,Nguyen,"3, rue Le Gall, 12351 Auger-sur-Pineau","Université de Franche-Comté, Montbéliard",Montbéliard,False,,,,,,,,15,2
174,174,Besançon,Dijon,2025-05-04 08:15:00,2025-05-07 18:45:00,Conference,True,car,Toyota Prius,1,211,30,300,0,141,471,,Frédérique,Briand,"boulevard Salmon, 78217 Saint Gilbertboeuf","Université de Franche-Comté, Besançon",Besançon,True,hybrid,Toyota Prius,5.0,4.0,hybrid,0.1,,8,4
175,175,Besançon,Strasbourg,2025-05-08 10:30:00,2025-05-09 13:30:00,Training,True,car,Audi A4,0,450,10,100,0,71,181,,Chantal,Lucas,"4, chemin de Faivre, 53463 Boyer","Université de Franche-Comté, Besançon",Besançon,True,gasoline,Audi A4,5.0,6.0,gasoline,0.185,,10,5
176,176,Montbéliard,Lyon,2025-05-04 11:30:00,2025-05-07 10:45:00,Conference,True,car,Tesla Model 3,0,246,30,300,0,94,424,,Josette,Hervé,"41, chemin de Lebrun, 97277 Pires-la-Forêt","Université de Franche-Comté, Montbéliard",Montbéliard,True,electric,Tesla Model 3,5.0,6.0,electric,0.03,0.15,11,0
177,177,Belfort,Toulouse,2025-05-10 12:15:00,2025-05-11 07:00:00,Conference,True,plane,,0,514,0,100,120,64,284,Basel-Mulhouse,Adélaïde,Jacques,"627, chemin Audrey Valentin, 23698 Lemonnier-sur-Blanchard","Université de Franche-Comté, Belfort",Belfort,False,,,,,,,,12,5
178,178,Besançon,Toulouse,2025-05-02 09:45:00,2025-05-04 11:00:00,Meeting,True,car,Peugeot 208,0,271,20,200,0,116,336,,Noël,Duval,"8, rue de Bigot, 52669 Joubert","Université de Franche-Comté, Besançon",Besançon,True,diesel,Peugeot 208,5.0,5.0,diesel,0.155,,9,8
179,179,Belfort,Dijon,2025-05-03 20:00:00,2025-05-04 14:00:00,Conference,True,plane,,1,344,0,100,120,95,315,Basel-Mulhouse,Georges,Langlois,"714, avenue Marin, 79482 Sainte ChristopheBourg","Université de Franche-Comté, Belfort",Belfort,True,gasoline,Audi A4,5.0,8.0,gasoline,0.185,,20,2
180,180,Besançon,Dijon,2025-05-11 10:45:00,2025-05-14 09:15:00,Meeting,True,plane,,1,716,0,300,120,92,512,Dole-Jura,Christophe,Mary,"86, boulevard de Blondel, 22442 Sainte Josettenec","Université de Franche-Comté, Besançon",Besançon,True,diesel,Peugeot 208,5.0,4.0,diesel,0.155,,10,1
181,181,Besançon,Strasbourg,2025-05-02 06:45:00,2025-05-03 16:45:00,Training,True,car,Fiat Panda,1,269,10,100,0,78,188,,Inès,Mendès,"47, rue Delannoy, 61881 Coulon","Université de Franche-Comté, Besançon",Besançon,True,gasoline,Fiat Panda,4.0,8.0,gasoline,0.17,,6,2
182,182,Belfort,Dijon,2025-05-01 08:30:00,2025-05-02 16:00:00,Training,True,car,,1,647,10,100,0,75,185,,Paul,Gonzalez,"78, avenue Denis Hardy, 35413 Bonnet","Université de Franche-Comté, Belfort",Belfort,False,,,,,,,,8,1
183,183,Montbéliard,Nice,2025-05-04 13:15:00,2025-05-07 19:15:00,Meeting,True,plane,,1,770,0,300,120,98,518,Basel-Mulhouse,Margot,Bourgeois,"52, chemin de Arnaud, 32625 Bodin","Université de Franche-Comté, Montbéliard",Montbéliard,True,gasoline,Audi A4,5.0,5.0,gasoline,0.185,,13,1
184,184,Belfort,Paris,2025-05-01 19:30:00,2025-05-04 14:15:00,Training,True,plane,,1,431,0,300,120,101,521,Basel-Mulhouse,Honoré,Charles,"59, rue Munoz, 84943 Étienne","Université de Franche-Comté, Belfort",Belfort,True,electric,Tesla Model 3,5.0,4.0,electric,0.03,0.15,19,9
185,185,Belfort,Toulouse,2025-05-07 19:30:00,2025-05-09 20:30:00,Meeting,True,car,,1,414,20,200,0,91,311,,Franck,Descamps,"6, boulevard de Fernandez, 97464 Lecoq-sur-Mer","Université de Franche-Comté, Belfort",Belfort,False,,,,,,,,19,2
186,186,Montbéliard,Strasbourg,2025-05-11 14:45:00,2025-05-12 16:00:00,Conference,True,car,,1,562,10,100,0,118,228,,Pénélope,Gallet,"100, rue de Gilbert, 19507 Sainte Arnaudeboeuf","Université de Franche-Comté, Montbéliard",Montbéliard,False,,,,,,,,14,1
187,187,Montbéliard,Nice,2025-05-03 17:45:00,2025-05-05 15:15:00,Training,True,car,,1,535,20,200,0,94,314,,Aurore,Lebon,"38, rue Baron, 20157 Saint Nathalie","Université de Franche-Comté, Montbéliard",Montbéliard,False,,,,,,,,17,1
188,188,Besançon,Strasbourg,2025-05-06 20:45:00,2025-05-08 18:00:00,Conference,True,plane,,1,792,0,200,120,112,432,Dole-Jura,Arnaude,Blanchet,"4, chemin Ramos, 69540 Hoarau","Université de Franche-Comté, Besançon",Besançon,True,diesel,Peugeot 208,5.0,9.0,diesel,0.155,,20,1
189,189,Besançon,Nice,2025-05-11 06:15:00,2025-05-12 12:00:00,Conference,True,plane,,0,797,0,100,120,89,309,Dole-Jura,Emmanuelle,Briand,"31, rue Manon Langlois, 75413 Bègue-sur-Mer","Université de Franche-Comté, Besançon",Besançon,True,gasoline,Audi A4,5.0,5.0,gasoline,0.185,,6,3
190,190,Montbéliard,Dijon,2025-05-09 19:15:00,2025-05-11 11:15:00,Conference,True,car,Renault Clio,0,259,20,200,0,129,349,,William,Boyer,"178, rue Michelle Bodin, 97427 Renaud","Université de Franche-Comté, Montbéliard",Montbéliard,True,diesel,Renault Clio,5.0,9.0,diesel,0.16,,19,8
191,191,Besançon,Lyon,2025-05-08 07:15:00,2025-05-10 19:15:00,Training,True,plane,,0,216,0,200,120,76,396,Dole-Jura,Amélie,Collin,"8, boulevard Bertrand, 51260 Leduc-sur-Meyer","Université de Franche-Comté, Besançon",Besançon,False,,,,,,,,7,8
192,192,Belfort,Strasbourg,2025-05-08 15:15:00,2025-05-09 16:30:00,Conference,True,plane,,0,348,0,100,120,94,314,Basel-Mulhouse,Étienne,Fabre,"42, chemin de Michel, 44911 Saint DanielBourg","Université de Franche-Comté, Belfort",Belfort,True,diesel,Renault Clio,5.0,8.0,diesel,0.16,,15,5
193,193,Montbéliard,Marseille,2025-05-11 17:30:00,2025-05-14 08:45:00,Meeting,True,plane,,1,524,0,300,120,106,526,Basel-Mulhouse,Agathe,Lévêque,"boulevard Jean Rousseau, 42981 Voisin-sur-Leroy","Université de Franche-Comté, Montbéliard",Montbéliard,False,,,,,,,,17,1
194,194,Belfort,Paris,2025-05-08 15:30:00,2025-05-11 07:45:00,Training,True,car,Audi A4,0,790,30,300,0,134,464,,Agnès,Evrard,"98, boulevard Charlotte Thibault, 59114 Sainte Paulette","Université de Franche-Comté, Belfort",Belfort,True,gasoline,Audi A4,5.0,7.0,gasoline,0.185,,15,6
195,195,Besançon,Marseille,2025-05-06 06:00:00,2025-05-09 15:45:00,Conference,True,plane,,1,160,0,300,120,104,524,Dole-Jura,Inès,Masson,"86, rue Dufour, 03548 Sainte VictorBourg","Université de Franche-Comté, Besançon",Besançon,False,,,,,,,,6,4
196,196,Belfort,Lyon,2025-05-02 12:00:00,2025-05-05 15:30:00,Conference,True,plane,,0,670,0,300,120,97,517,Basel-Mulhouse,Valentine,Ferrand,"287, avenue Alphonse Charpentier, 82726 Sainte Lucas","Université de Franche-Comté, Belfort",Belfort,True,electric,Tesla Model 3,5.0,7.0,electric,0.03,0.15,12,0
197,197,Besançon,Marseille,2025-05-04 11:30:00,2025-05-06 15:30:00,Conference,True,car,,0,653,20,200,0,80,300,,Nicolas,Gomez,"91, rue de Colas, 51859 Mendès-sur-Mer","Université de Franche-Comté, Besançon",Besançon,False,,,,,,,,11,3
198,198,Belfort,Paris,2025-05-11 16:30:00,2025-05-12 15:30:00,Conference,True,plane,,1,612,0,100,120,74,294,Basel-Mulhouse,Denise,Dias,"30, avenue Godard, 90247 Bonneau-les-Bains","Université de Franche-Comté, Belfort",Belfort,False,,,,,,,,16,1
199,199,Montbéliard,Strasbourg,2025-05-08 10:45:00,2025-05-11 18:30:00,Conference,True,car,Audi A4,1,393,30,300,0,96,426,,Stéphanie,Raymond,"49, avenue de Da Silva, 47781 NeveuVille","Université de Franche-Comté, Montbéliard",Montbéliard,True,gasoline,Audi A4,5.0,8.0,gasoline,0.185,,10,4
200,200,Montbéliard,Dijon,2025-05-07 14:15:00,2025-05-10 12:15:00,Meeting,True,plane,,1,788,0,300,120,131,551,Basel-Mulhouse,René,Chevalier,"45, chemin Emmanuel Lemaire, 05893 Saint Joséphine-les-Bains","Université de Franche-Comté, Montbéliard",Montbéliard,True,gasoline,Fiat Panda,4.0,8.0,gasoline,0.17,,14,1
201,201,Besançon,Lyon,2025-05-04 07:15:00,2025-05-06 16:30:00,Meeting,True,car,Peugeot 208,1,599,20,200,0,79,299,,Daniel,Weber,"avenue de Le Goff, 31157 Seguin","Université de Franche-Comté, Besançon",Besançon,True,diesel,Peugeot 208,5.0,4.0,diesel,0.155,,7,1
202,202,Montbéliard,Marseille,2025-05-05 07:00:00,2025-05-08 12:15:00,Conference,True,car,Renault Clio,0,103,30,300,0,104,434,,Luce,Jean,"26, rue Margot Garnier, 85477 Goncalves","Université de Franche-Comté, Montbéliard",Montbéliard,True,diesel,Renault Clio,5.0,7.0,diesel,0.16,,7,8
203,203,Belfort,Strasbourg,2025-05-02 12:00:00,2025-05-03 08:30:00,Training,True,car,Tesla Model 3,0,509,10,100,0,109,219,,Agathe,Lemonnier,"88, rue de Lecoq, 83641 Louis-sur-Payet","Université de Franche-Comté, Belfort",Belfort,True,electric,Tesla Model 3,5.0,9.0,electric,0.03,0.15,12,3
204,204,Montbéliard,Nice,2025-05-07 06:00:00,2025-05-09 08:30:00,Training,True,plane,,1,103,0,200,120,51,371,Basel-Mulhouse,Simone,Martel,"rue Cécile Moulin, 01321 Lopez-sur-Mendès","Université de Franche-Comté, Montbéliard",Montbéliard,False,,,,,,,,6,4
205,205,Montbéliard,Marseille,2025-05-08 08:15:00,2025-05-10 17:00:00,Conference,True,plane,,0,192,0,200,120,119,439,Basel-Mulhouse,Joséphine,Carlier,"rue Peron, 13942 Neveu","Université de Franche-Comté, Montbéliard",Montbéliard,True,electric,Tesla Model 3,5.0,10.0,electric,0.03,0.15,8,0
206,206,Besançon,Toulouse,2025-05-10 13:30:00,2025-05-11 16:00:00,Meeting,True,plane,,1,391,0,100,120,142,362,Dole-Jura,Joseph,Delannoy,"49, rue de Dupré, 43380 Benard","Université de Franche-Comté, Besançon",Besançon,True,hybrid,Toyota Prius,5.0,5.0,hybrid,0.1,,13,2
207,207,Belfort,Lyon,2025-05-08 15:00:00,2025-05-11 11:15:00,Training,True,car,,1,167,30,300,0,82,412,,Stéphanie,Teixeira,"96, rue Yves Rodriguez, 97231 Guérin-les-Bains","Université de Franche-Comté, Belfort",Belfort,False,,,,,,,,15,4
208,208,Besançon,Marseille,2025-05-01 17:45:00,2025-05-03 19:30:00,Conference,True,plane,,1,154,0,200,120,83,403,Dole-Jura,Anne,Moreno,"737, rue Delorme, 76599 Jacques-sur-Allard","Université de Franche-Comté, Besançon",Besançon,True,diesel,Renault Clio,5.0,4.0,diesel,0.16,,17,4
209,209,Besançon,Toulouse,2025-05-07 09:45:00,2025-05-10 19:30:00,Training,True,car,,0,308,30,300,0,67,397,,Agnès,Philippe,"37, avenue Peron, 54736 Albert-sur-Benard","Université de Franche-Comté, Besançon",Besançon,False,,,,,,,,9,8
210,210,Belfort,Strasbourg,2025-05-08 18:00:00,2025-05-09 17:30:00,Training,True,plane,,0,234,0,100,120,120,340,Basel-Mulhouse,Emmanuel,Andre,"35, rue Benoît Louis, 19330 JourdanBourg","Université de Franche-Comté, Belfort",Belfort,True,hybrid,Toyota Prius,5.0,4.0,hybrid,0.1,,18,5
211,211,Montbéliard,Marseille,2025-05-09 09:30:00,2025-05-11 15:15:00,Conference,True,car,,0,329,20,200,0,64,284,,Simone,Thibault,"85, boulevard Amélie Fouquet, 16880 RichardBourg","Université de Franche-Comté, Montbéliard",Montbéliard,False,,,,,,,,9,5
212,212,Belfort,Dijon,2025-05-03 12:30:00,2025-05-05 07:45:00,Training,True,car,,1,383,20,200,0,68,288,,Richard,Raymond,"8, rue Costa, 62359 Hamon","Université de Franche-Comté, Belfort",Belfort,False,,,,,,,,12,2
213,213,Montbéliard,Strasbourg,2025-05-02 13:30:00,2025-05-03 19:00:00,Training,True,car,Tesla Model 3,1,767,10,100,0,57,167,,Alix,Regnier,"1, rue de Durand, 72308 Baudry-les-Bains","Université de Franche-Comté, Montbéliard",Montbéliard,True,electric,Tesla Model 3,5.0,9.0,electric,0.03,0.15,13,7
214,214,Besançon,Nice,2025-05-04 10:30:00,2025-05-06 10:30:00,Meeting,True,car,,1,252,20,200,0,62,282,,Célina,Charles,"314, rue Nicolas Barthelemy, 56175 Bouvier","Université de Franche-Comté, Besançon",Besançon,False,,,,,,,,10,2
215,215,Montbéliard,Strasbourg,2025-05-09 15:45:00,2025-05-10 07:15:00,Conference,True,car,Tesla Model 3,0,724,10,100,0,83,193,,Martine,Legrand,"82, rue Regnier, 39690 Sainte VictorVille","Université de Franche-Comté, Montbéliard",Montbéliard,True,electric,Tesla Model 3,5.0,10.0,electric,0.03,0.15,15,3
216,216,Montbéliard,Toulouse,2025-05-02 10:45:00,2025-05-05 15:45:00,Conference,True,car,Toyota Prius,0,510,30,300,0,113,443,,Alexandre,Rolland,"53, avenue Riou, 58252 Saint Constanceboeuf","Université de Franche-Comté, Montbéliard",Montbéliard,True,hybrid,Toyota Prius,5.0,5.0,hybrid,0.1,,10,0
217,217,Belfort,Toulouse,2025-05-10 17:45:00,2025-05-11 07:30:00,Conference,True,car,,0,337,10,100,0,86,196,,Chantal,Goncalves,"rue de Schneider, 10959 Vasseurdan","Université de Franche-Comté, Belfort",Belfort,False,,,,,,,,17,5
218,218,Belfort,Toulouse,2025-05-05 20:00:00,2025-05-08 13:45:00,Meeting,True,car,Peugeot 208,1,332,30,300,0,143,473,,Marguerite,Brun,"68, avenue de Teixeira, 77711 Sainte Rémy","Université de Franche-Comté, Belfort",Belfort,True,diesel,Peugeot 208,5.0,9.0,diesel,0.155,,20,4
219,219,Besançon,Toulouse,2025-05-04 07:00:00,2025-05-05 13:30:00,Meeting,True,car,Tesla Model 3,1,530,10,100,0,117,227,,Étienne,Fernandez,"954, boulevard Denis, 61430 Guillon","Université de Franche-Comté, Besançon",Besançon,True,electric,Tesla Model 3,5.0,8.0,electric,0.03,0.15,7,7
220,220,Besançon,Dijon,2025-05-11 19:15:00,2025-05-13 13:45:00,Training,True,plane,,1,415,0,200,120,79,399,Dole-Jura,Claire,Vidal,"82, rue Henri Lejeune, 23130 Breton-sur-Blanchard","Université de Franche-Comté, Besançon",Besançon,True,gasoline,Fiat Panda,4.0,8.0,gasoline,0.17,,19,4
221,221,Montbéliard,Dijon,2025-05-11 16:30:00,2025-05-13 06:30:00,Training,True,plane,,1,289,0,200,120,105,425,Basel-Mulhouse,Gabriel,Cohen,"boulevard de Blin, 22616 Roger","Université de Franche-Comté, Montbéliard",Montbéliard,False,,,,,,,,16,4
222,222,Belfort,Strasbourg,2025-05-04 19:30:00,2025-05-07 16:45:00,Meeting,True,plane,,0,368,0,300,120,135,555,Basel-Mulhouse,Julien,Mary,"499, chemin de Poirier, 75685 Berniernec","Université de Franche-Comté, Belfort",Belfort,True,hybrid,Toyota Prius,5.0,7.0,hybrid,0.1,,19,0
223,223,Montbéliard,Toulouse,2025-05-09 14:15:00,2025-05-11 14:00:00,Training,True,car,Peugeot 208,0,794,20,200,0,81,301,,Richard,Delannoy,"avenue Lecomte, 45130 Berthelot","Université de Franche-Comté, Montbéliard",Montbéliard,True,diesel,Peugeot 208,5.0,10.0,diesel,0.155,,14,3
224,224,Belfort,Paris,2025-05-11 20:00:00,2025-05-12 15:00:00,Training,True,plane,,1,764,0,100,120,133,353,Basel-Mulhouse,Nathalie,Mathieu,"avenue Sophie Torres, 26709 Guillet-les-Bains","Université de Franche-Comté, Belfort",Belfort,True,diesel,Peugeot 208,5.0,6.0,diesel,0.155,,20,1
225,225,Montbéliard,Paris,2025-05-03 18:45:00,2025-05-05 09:15:00,Meeting,True,car,Audi A4,0,597,20,200,0,110,330,,Jérôme,Royer,"avenue de Legrand, 23190 PagesVille","Université de Franche-Comté, Montbéliard",Montbéliard,True,gasoline,Audi A4,5.0,5.0,gasoline,0.185,,18,3
226,226,Belfort,Strasbourg,2025-05-10 15:45:00,2025-05-13 09:30:00,Conference,True,plane,,0,188,0,300,120,135,555,Basel-Mulhouse,Alphonse,Bernier,"53, rue Léon Bousquet, 53567 Girard","Université de Franche-Comté, Belfort",Belfort,True,hybrid,Toyota Prius,5.0,6.0,hybrid,0.1,,15,0
227,227,Montbéliard,Toulouse,2025-05-11 20:15:00,2025-05-14 16:00:00,Meeting,True,car,Audi A4,0,373,30,300,0,129,459,,Suzanne,Teixeira,"30, avenue de Pruvost, 85925 Saint Éricdan","Université de Franche-Comté, Montbéliard",Montbéliard,True,gasoline,Audi A4,5.0,10.0,gasoline,0.185,,20,8
228,228,Belfort,Paris,2025-05-05 09:00:00,2025-05-07 17:45:00,Conference,True,plane,,0,435,0,200,120,92,412,Basel-Mulhouse,Maurice,Blanchard,"42, chemin de Vincent, 39552 Marty","Université de Franche-Comté, Belfort",Belfort,True,diesel,Peugeot 208,5.0,5.0,diesel,0.155,,9,6
229,229,Besançon,Dijon,2025-05-10 09:30:00,2025-05-13 13:45:00,Training,True,car,Toyota Prius,0,542,30,300,0,118,448,,Luce,Pineau,"55, avenue Maillet, 64970 Mendès","Université de Franche-Comté, Besançon",Besançon,True,hybrid,Toyota Prius,5.0,8.0,hybrid,0.1,,9,0
230,230,Besançon,Dijon,2025-05-04 18:15:00,2025-05-06 17:15:00,Conference,True,plane,,0,775,0,200,120,79,399,Dole-Jura,Suzanne,Mathieu,"59, rue de Weiss, 78300 Saint Thomas","Université de Franche-Comté, Besançon",Besançon,False,,,,,,,,18,6
231,231,Montbéliard,Toulouse,2025-05-04 10:45:00,2025-05-06 20:00:00,Conference,True,car,,0,433,20,200,0,54,274,,Élisabeth,Blot,"chemin Théodore Andre, 38229 Barthelemy","Université de Franche-Comté, Montbéliard",Montbéliard,False,,,,,,,,10,5
232,232,Montbéliard,Strasbourg,2025-05-06 13:00:00,2025-05-08 18:30:00,Conference,True,car,Tesla Model 3,0,630,20,200,0,98,318,,Bernard,Vasseur,"5, boulevard de Carlier, 84914 Brun-la-Forêt","Université de Franche-Comté, Montbéliard",Montbéliard,True,electric,Tesla Model 3,5.0,5.0,electric,0.03,0.15,13,3
233,233,Montbéliard,Lyon,2025-05-06 18:00:00,2025-05-07 20:00:00,Conference,True,car,,0,664,10,100,0,68,178,,Arnaude,Lefort,"91, chemin Arthur Roger, 30329 CouturierVille","Université de Franche-Comté, Montbéliard",Montbéliard,False,,,,,,,,18,3
234,234,Besançon,Lyon,2025-05-08 09:30:00,2025-05-11 06:45:00,Conference,True,plane,,1,507,0,300,120,142,562,Dole-Jura,Arthur,Torres,"546, chemin Benoit, 43747 Noël-sur-Ferreira","Université de Franche-Comté, Besançon",Besançon,True,diesel,Renault Clio,5.0,4.0,diesel,0.16,,9,1
235,235,Montbéliard,Marseille,2025-05-01 19:00:00,2025-05-02 14:15:00,Conference,True,plane,,1,799,0,100,120,105,325,Basel-Mulhouse,Yves,Costa,"3, rue Coste, 62605 Besson","Université de Franche-Comté, Montbéliard",Montbéliard,True,gasoline,Audi A4,5.0,6.0,gasoline,0.185,,19,1
236,236,Belfort,Marseille,2025-05-11 07:45:00,2025-05-14 17:15:00,Conference,True,plane,,0,638,0,300,120,147,567,Basel-Mulhouse,Aurore,Lévêque,"chemin Marcelle Mary, 18805 Rocher","Université de Franche-Comté, Belfort",Belfort,True,hybrid,Toyota Prius,5.0,8.0,hybrid,0.1,,7,0
237,237,Montbéliard,Toulouse,2025-05-01 19:30:00,2025-05-02 16:30:00,Training,True,plane,,1,274,0,100,120,58,278,Basel-Mulhouse,Thibault,Perrier,"41, rue de Jacquot, 30152 Sainte Valentine","Université de Franche-Comté, Montbéliard",Montbéliard,False,,,,,,,,19,2
238,238,Besançon,Strasbourg,2025-05-03 16:15:00,2025-05-05 16:00:00,Training,True,plane,,1,761,0,200,120,86,406,Dole-Jura,Grégoire,Hernandez,"rue Lefebvre, 24405 Costa","Université de Franche-Comté, Besançon",Besançon,False,,,,,,,,16,1
239,239,Belfort,Dijon,2025-05-07 18:15:00,2025-05-09 15:00:00,Conference,True,plane,,1,306,0,200,120,143,463,Basel-Mulhouse,Susan,Peron,"81, avenue Manon Bouvier, 49581 Da Costadan","Université de Franche-Comté, Belfort",Belfort,True,electric,Tesla Model 3,5.0,10.0,electric,0.03,0.15,18,9
240,240,Besançon,Toulouse,2025-05-08 18:15:00,2025-05-09 15:30:00,Conference,True,car,Toyota Prius,1,187,10,100,0,107,217,,Denis,Lefebvre,"1, rue de Adam, 71426 Sainte Juliennec","Université de Franche-Comté, Besançon",Besançon,True,hybrid,Toyota Prius,5.0,5.0,hybrid,0.1,,18,2
241,241,Besançon,Marseille,2025-05-06 09:30:00,2025-05-09 14:30:00,Conference,True,car,Audi A4,1,637,30,300,0,55,385,,Aimé,Lacombe,"rue Gillet, 60276 Torresboeuf","Université de Franche-Comté, Besançon",Besançon,True,gasoline,Audi A4,5.0,6.0,gasoline,0.185,,9,1
242,242,Besançon,Marseille,2025-05-04 09:45:00,2025-05-06 18:30:00,Training,True,plane,,1,131,0,200,120,69,389,Dole-Jura,Jacques,Guilbert,"39, rue Margot Vallée, 44861 Roger-sur-Pages","Université de Franche-Comté, Besançon",Besançon,True,gasoline,Audi A4,5.0,9.0,gasoline,0.185,,9,4
243,243,Besançon,Marseille,2025-05-06 19:00:00,2025-05-08 19:00:00,Meeting,True,plane,,0,374,0,200,120,64,384,Dole-Jura,Georges,Guérin,"avenue Lucy Lopez, 46675 Mary","Université de Franche-Comté, Besançon",Besançon,True,gasoline,Audi A4,5.0,9.0,gasoline,0.185,,19,8
244,244,Montbéliard,Toulouse,2025-05-03 13:45:00,2025-05-04 16:30:00,Training,True,car,Fiat Panda,0,709,10,100,0,87,197,,Alexandria,Gallet,"855, boulevard de Gay, 25337 Weiss-les-Bains","Université de Franche-Comté, Montbéliard",Montbéliard,True,gasoline,Fiat Panda,4.0,9.0,gasoline,0.17,,13,3
245,245,Besançon,Lyon,2025-05-02 13:15:00,2025-05-05 08:00:00,Conference,True,plane,,1,574,0,300,120,55,475,Dole-Jura,Philippe,Laine,"7, rue Pereira, 06467 CosteVille","Université de Franche-Comté, Besançon",Besançon,True,gasoline,Fiat Panda,4.0,10.0,gasoline,0.17,,13,1
246,246,Belfort,Paris,2025-05-08 15:45:00,2025-05-10 09:00:00,Conference,True,car,Peugeot 208,0,720,20,200,0,132,352,,Suzanne,Guilbert,"92, boulevard Laroche, 64672 Sainte IsaacVille","Université de Franche-Comté, Belfort",Belfort,True,diesel,Peugeot 208,5.0,6.0,diesel,0.155,,15,3
247,247,Belfort,Marseille,2025-05-05 06:00:00,2025-05-07 20:00:00,Conference,True,plane,,1,357,0,200,120,132,452,Basel-Mulhouse,Jacques,Imbert,"24, rue Virginie Nicolas, 02930 Aubry","Université de Franche-Comté, Belfort",Belfort,False,,,,,,,,6,4
248,248,Montbéliard,Toulouse,2025-05-03 16:30:00,2025-05-04 16:45:00,Training,True,plane,,0,128,0,100,120,79,299,Basel-Mulhouse,Aurore,Boulay,"9, chemin Mathilde Pierre, 10638 Lemonnier-la-Forêt","Université de Franche-Comté, Montbéliard",Montbéliard,False,,,,,,,,16,5
249,249,Belfort,Strasbourg,2025-05-02 10:30:00,2025-05-04 16:00:00,Training,True,car,Peugeot 208,0,386,20,200,0,96,316,,Jeannine,Laurent,"4, rue de Vidal, 11198 Launay","Université de Franche-Comté, Belfort",Belfort,True,diesel,Peugeot 208,5.0,5.0,diesel,0.155,,10,5
250,250,Montbéliard,Toulouse,2025-05-03 19:15:00,2025-05-06 19:15:00,Training,True,car,Fiat Panda,1,595,30,300,0,134,464,,Marcel,Schneider,"84, boulevard Françoise Diaz, 20569 Lejeune-sur-Charles","Université de Franche-Comté, Montbéliard",Montbéliard,True,gasoline,Fiat Panda,4.0,7.0,gasoline,0.17,,19,1
251,251,Besançon,Dijon,2025-05-11 13:00:00,2025-05-14 08:45:00,Conference,True,plane,,0,424,0,300,120,112,532,Dole-Jura,Hélène,Chauvet,"190, chemin Royer, 20756 Neveudan","Université de Franche-Comté, Besançon",Besançon,True,diesel,Peugeot 208,5.0,8.0,diesel,0.155,,13,8
252,252,Montbéliard,Lyon,2025-05-08 13:45:00,2025-05-10 16:15:00,Conference,True,plane,,0,233,0,200,120,58,378,Basel-Mulhouse,Aurore,Bazin,"47, rue de Rémy, 07638 Maillet","Université de Franche-Comté, Montbéliard",Montbéliard,False,,,,,,,,13,8
253,253,Besançon,Paris,2025-05-06 11:30:00,2025-05-09 12:15:00,Training,True,car,,1,380,30,300,0,60,390,,Laurence,De Oliveira,"6, avenue Adam, 91863 Mathieu","Université de Franche-Comté, Besançon",Besançon,False,,,,,,,,11,4
254,254,Montbéliard,Marseille,2025-05-10 19:15:00,2025-05-13 18:30:00,Conference,True,car,,1,755,30,300,0,131,461,,Daniel,Carre,"19, boulevard Thibaut Leduc, 24302 Saint Sabine-les-Bains","Université de Franche-Comté, Montbéliard",Montbéliard,False,,,,,,,,19,1
255,255,Besançon,Lyon,2025-05-04 15:45:00,2025-05-06 12:30:00,Meeting,True,car,,0,718,20,200,0,64,284,,Hortense,Barbier,"rue Fischer, 77166 Sainte Mathilde","Université de Franche-Comté, Besançon",Besançon,False,,,,,,,,15,3
256,256,Montbéliard,Toulouse,2025-05-06 13:00:00,2025-05-08 07:15:00,Conference,True,plane,,1,340,0,200,120,94,414,Basel-Mulhouse,Aimée,Legendre,"61, chemin Leclerc, 38630 Galletnec","Université de Franche-Comté, Montbéliard",Montbéliard,True,diesel,Peugeot 208,5.0,6.0,diesel,0.155,,13,4
257,257,Belfort,Nice,2025-05-10 09:45:00,2025-05-12 09:30:00,Training,True,car,Toyota Prius,1,747,20,200,0,57,277,,Chantal,Garcia,"97, chemin Olivier, 40718 Dupré","Université de Franche-Comté, Belfort",Belfort,True,hybrid,Toyota Prius,5.0,5.0,hybrid,0.1,,9,7
258,258,Belfort,Toulouse,2025-05-06 15:15:00,2025-05-08 20:45:00,Conference,True,plane,,1,488,0,200,120,119,439,Basel-Mulhouse,Thierry,Colas,"chemin Joséphine Besnard, 38378 Robert","Université de Franche-Comté, Belfort",Belfort,False,,,,,,,,15,4
259,259,Montbéliard,Strasbourg,2025-05-05 08:00:00,2025-05-08 08:00:00,Meeting,True,car,Renault Clio,0,587,30,300,0,121,451,,Adrien,Sanchez,"28, chemin Texier, 71601 Saint Sophie","Université de Franche-Comté, Montbéliard",Montbéliard,True,diesel,Renault Clio,5.0,8.0,diesel,0.16,,8,6
260,260,Belfort,Marseille,2025-05-04 20:45:00,2025-05-05 07:00:00,Meeting,True,car,Peugeot 208,0,321,10,100,0,137,247,,Christine,Delmas,"20, boulevard Andrée Clerc, 74278 Jacques-les-Bains","Université de Franche-Comté, Belfort",Belfort,True,diesel,Peugeot 208,5.0,8.0,diesel,0.155,,20,5
261,261,Belfort,Lyon,2025-05-05 07:45:00,2025-05-06 13:45:00,Meeting,True,car,,1,488,10,100,0,103,213,,Roland,Lombard,"boulevard Danielle Leblanc, 88410 Boutin","Université de Franche-Comté, Belfort",Belfort,False,,,,,,,,7,2
262,262,Besançon,Lyon,2025-05-04 19:45:00,2025-05-05 11:15:00,Training,True,plane,,0,768,0,100,120,93,313,Dole-Jura,Raymond,Rey,"6, boulevard Da Silva, 97658 Saint Antoinette-les-Bains","Université de Franche-Comté, Besançon",Besançon,False,,,,,,,,19,3
263,263,Montbéliard,Dijon,2025-05-10 08:30:00,2025-05-11 11:15:00,Meeting,True,plane,,1,540,0,100,120,125,345,Basel-Mulhouse,Martine,Pereira,"88, chemin Guyon, 97663 Delahaye","Université de Franche-Comté, Montbéliard",Montbéliard,False,,,,,,,,8,1
264,264,Montbéliard,Dijon,2025-05-04 18:30:00,2025-05-06 18:15:00,Conference,True,car,Audi A4,0,744,20,200,0,150,370,,Laurence,Da Silva,"776, boulevard Anouk Laine, 46351 Pierreboeuf","Université de Franche-Comté, Montbéliard",Montbéliard,True,gasoline,Audi A4,5.0,8.0,gasoline,0.185,,18,3
265,265,Belfort,Dijon,2025-05-06 13:15:00,2025-05-08 18:30:00,Meeting,True,car,Peugeot 208,1,564,20,200,0,53,273,,Guy,Morvan,"avenue Hugues Mendès, 83973 Lecomte","Université de Franche-Comté, Belfort",Belfort,True,diesel,Peugeot 208,5.0,4.0,diesel,0.155,,13,1
266,266,Belfort,Paris,2025-05-02 20:30:00,2025-05-04 16:00:00,Meeting,True,plane,,1,446,0,200,120,110,430,Basel-Mulhouse,Adèle,Boutin,"rue de Joseph, 46482 Roux","Université de Franche-Comté, Belfort",Belfort,False,,,,,,,,20,4
267,267,Montbéliard,Nice,2025-05-05 13:30:00,2025-05-06 20:15:00,Conference,True,plane,,1,280,0,100,120,106,326,Basel-Mulhouse,Adrienne,Fournier,"avenue de Gillet, 13997 Paul","Université de Franche-Comté, Montbéliard",Montbéliard,False,,,,,,,,13,2
268,268,Besançon,Paris,2025-05-11 20:00:00,2025-05-14 16:00:00,Conference,True,plane,,1,479,0,300,120,128,548,Dole-Jura,Susanne,Lacombe,"84, boulevard de Joly, 81249 Vincent-sur-Mer","Université de Franche-Comté, Besançon",Besançon,True,electric,Tesla Model 3,5.0,8.0,electric,0.03,0.15,20,9
269,269,Belfort,Strasbourg,2025-05-01 10:30:00,2025-05-03 13:15:00,Training,True,plane,,1,537,0,200,120,127,447,Basel-Mulhouse,Margot,Brun,"889, rue Michelle Lefebvre, 01648 Saint Georgesboeuf","Université de Franche-Comté, Belfort",Belfort,True,diesel,Peugeot 208,5.0,7.0,diesel,0.155,,10,1
270,270,Besançon,Dijon,2025-05-09 19:15:00,2025-05-12 09:45:00,Training,True,plane,,0,215,0,300,120,55,475,Dole-Jura,Gabrielle,Peltier,"7, rue David, 20577 Millet-la-Forêt","Université de Franche-Comté, Besançon",Besançon,True,gasoline,Fiat Panda,4.0,9.0,gasoline,0.17,,19,8
271,271,Montbéliard,Paris,2025-05-03 18:15:00,2025-05-05 11:45:00,Meeting,True,plane,,1,615,0,200,120,62,382,Basel-Mulhouse,Guillaume,Barbe,"7, boulevard Julien Parent, 52462 Marchand","Université de Franche-Comté, Montbéliard",Montbéliard,True,gasoline,Fiat Panda,4.0,4.0,gasoline,0.17,,18,1
272,272,Belfort,Nice,2025-05-08 18:00:00,2025-05-10 09:15:00,Training,True,plane,,0,492,0,200,120,83,403,Basel-Mulhouse,Adrienne,Masse,"99, rue de Rivière, 49960 Martel-sur-Dupont","Université de Franche-Comté, Belfort",Belfort,True,gasoline,Fiat Panda,4.0,4.0,gasoline,0.17,,18,6
273,273,Belfort,Dijon,2025-05-05 17:15:00,2025-05-07 12:00:00,Conference,True,car,,0,712,20,200,0,73,293,,Andrée,Gilles,"13, rue de Leblanc, 81214 Sainte Mariannenec","Université de Franche-Comté, Belfort",Belfort,False,,,,,,,,17,3
274,274,Besançon,Toulouse,2025-05-04 11:30:00,2025-05-05 19:00:00,Conference,True,plane,,1,426,0,100,120,94,314,Dole-Jura,Roland,Pascal,"56, chemin Rossi, 29859 Gonzalez","Université de Franche-Comté, Besançon",Besançon,False,,,,,,,,11,2
275,275,Besançon,Lyon,2025-05-11 07:15:00,2025-05-14 20:30:00,Conference,True,plane,,1,505,0,300,120,83,503,Dole-Jura,Jules,Dijoux,"avenue Coste, 60784 Charles","Université de Franche-Comté, Besançon",Besançon,True,gasoline,Fiat Panda,4.0,8.0,gasoline,0.17,,7,1
276,276,Montbéliard,Dijon,2025-05-09 13:15:00,2025-05-11 15:15:00,Conference,True,car,Fiat Panda,1,151,20,200,0,139,359,,Georges,Wagner,"4, rue de Fabre, 45789 Fleury-sur-Lesage","Université de Franche-Comté, Montbéliard",Montbéliard,True,gasoline,Fiat Panda,4.0,10.0,gasoline,0.17,,13,2
277,277,Besançon,Marseille,2025-05-08 19:45:00,2025-05-11 15:45:00,Training,True,plane,,0,620,0,300,120,52,472,Dole-Jura,Alexandrie,Legendre,"482, avenue Tristan Grégoire, 83723 Benard","Université de Franche-Comté, Besançon",Besançon,True,diesel,Renault Clio,5.0,5.0,diesel,0.16,,19,6
278,278,Besançon,Toulouse,2025-05-09 15:45:00,2025-05-11 10:15:00,Training,True,car,Toyota Prius,1,645,20,200,0,123,343,,Maurice,Lacombe,"avenue Stéphane Riou, 24129 Sainte Chantaldan","Université de Franche-Comté, Besançon",Besançon,True,hybrid,Toyota Prius,5.0,8.0,hybrid,0.1,,15,7
279,279,Belfort,Nice,2025-05-03 20:00:00,2025-05-06 09:30:00,Conference,True,plane,,1,142,0,300,120,74,494,Basel-Mulhouse,William,Simon,"771, rue de Camus, 57198 Berger","Université de Franche-Comté, Belfort",Belfort,False,,,,,,,,20,4
280,280,Belfort,Toulouse,2025-05-05 06:45:00,2025-05-06 06:15:00,Training,True,car,Peugeot 208,0,327,10,100,0,83,193,,Valérie,Lecomte,"61, rue Benard, 94354 Saint Patrick","Université de Franche-Comté, Belfort",Belfort,True,diesel,Peugeot 208,5.0,8.0,diesel,0.155,,6,5
281,281,Montbéliard,Lyon,2025-05-08 09:15:00,2025-05-09 16:15:00,Training,True,plane,,1,292,0,100,120,97,317,Basel-Mulhouse,Philippe,Morvan,"465, rue Chevallier, 18195 Rodrigueznec","Université de Franche-Comté, Montbéliard",Montbéliard,False,,,,,,,,9,2
282,282,Montbéliard,Paris,2025-05-06 20:30:00,2025-05-09 20:00:00,Training,True,plane,,0,503,0,300,120,61,481,Basel-Mulhouse,Maurice,Riou,"68, rue Lebrun, 04604 Auger","Université de Franche-Comté, Montbéliard",Montbéliard,False,,,,,,,,20,6
283,283,Besançon,Marseille,2025-05-06 06:00:00,2025-05-09 07:30:00,Meeting,True,plane,,1,183,0,300,120,95,515,Dole-Jura,Corinne,Robert,"3, avenue Gérard, 07263 Saint ManonBourg","Université de Franche-Comté, Besançon",Besançon,True,gasoline,Fiat Panda,4.0,5.0,gasoline,0.17,,6,4
284,284,Montbéliard,Nice,2025-05-01 07:15:00,2025-05-02 11:45:00,Meeting,True,plane,,0,179,0,100,120,148,368,Basel-Mulhouse,Isaac,Vaillant,"85, chemin Georges Fernandes, 72522 Mallet","Université de Franche-Comté, Montbéliard",Montbéliard,False,,,,,,,,7,8
285,285,Belfort,Dijon,2025-05-08 12:15:00,2025-05-11 11:00:00,Conference,True,plane,,0,589,0,300,120,102,522,Basel-Mulhouse,Célina,Dufour,"78, rue Gérard Traore, 33404 Delorme","Université de Franche-Comté, Belfort",Belfort,True,diesel,Renault Clio,5.0,8.0,diesel,0.16,,12,6
286,286,Belfort,Toulouse,2025-05-06 11:45:00,2025-05-08 19:15:00,Conference,True,plane,,0,192,0,200,120,118,438,Basel-Mulhouse,Lucas,Pons,"555, avenue Blanchard, 69158 Weiss-sur-Baudry","Université de Franche-Comté, Belfort",Belfort,True,hybrid,Toyota Prius,5.0,4.0,hybrid,0.1,,11,0
287,287,Besançon,Paris,2025-05-10 11:45:00,2025-05-11 18:30:00,Meeting,True,car,Renault Clio,1,602,10,100,0,86,196,,Zoé,Pichon,"8, rue Capucine Bertin, 39465 Godard","Université de Franche-Comté, Besançon",Besançon,True,diesel,Renault Clio,5.0,10.0,diesel,0.16,,11,1
288,288,Belfort,Marseille,2025-05-05 16:15:00,2025-05-07 12:00:00,Conference,True,car,,0,562,20,200,0,62,282,,Vincent,Potier,"62, rue Bernard Morin, 83324 RémyVille","Université de Franche-Comté, Belfort",Belfort,False,,,,,,,,16,5
289,289,Belfort,Strasbourg,2025-05-03 14:15:00,2025-05-05 16:30:00,Meeting,True,plane,,0,419,0,200,120,149,469,Basel-Mulhouse,Margot,Berthelot,"boulevard Christiane Monnier, 49978 Paul-sur-Laine","Université de Franche-Comté, Belfort",Belfort,True,hybrid,Toyota Prius,5.0,4.0,hybrid,0.1,,14,0
290,290,Besançon,Lyon,2025-05-06 10:30:00,2025-05-09 19:15:00,Meeting,True,car,Toyota Prius,0,215,30,300,0,81,411,,Henriette,Bouvet,"98, rue André Lemonnier, 16505 Rodrigues","Université de Franche-Comté, Besançon",Besançon,True,hybrid,Toyota Prius,5.0,7.0,hybrid,0.1,,10,0
291,291,Belfort,Paris,2025-05-06 14:45:00,2025-05-09 06:15:00,Conference,True,plane,,0,476,0,300,120,92,512,Basel-Mulhouse,Richard,Guillet,"rue Lucas Moreno, 29178 PichonBourg","Université de Franche-Comté, Belfort",Belfort,True,electric,Tesla Model 3,5.0,8.0,electric,0.03,0.15,14,0
292,292,Belfort,Marseille,2025-05-05 13:00:00,2025-05-08 09:00:00,Meeting,True,plane,,1,655,0,300,120,126,546,Basel-Mulhouse,Marcelle,Rocher,"44, avenue de Traore, 58740 Marchand","Université de Franche-Comté, Belfort",Belfort,True,diesel,Peugeot 208,5.0,8.0,diesel,0.155,,13,1
293,293,Besançon,Dijon,2025-05-06 12:30:00,2025-05-07 16:00:00,Meeting,True,car,Audi A4,1,435,10,100,0,142,252,,Juliette,Barbier,"901, boulevard de Pons, 45814 Pereira","Université de Franche-Comté, Besançon",Besançon,True,gasoline,Audi A4,5.0,7.0,gasoline,0.185,,12,2
294,294,Belfort,Marseille,2025-05-02 20:00:00,2025-05-03 12:30:00,Conference,True,car,Peugeot 208,1,427,10,100,0,95,205,,Zacharie,Allard,"rue Gabriel Boucher, 85477 Da Silva","Université de Franche-Comté, Belfort",Belfort,True,diesel,Peugeot 208,5.0,9.0,diesel,0.155,,20,2
295,295,Montbéliard,Marseille,2025-05-03 12:45:00,2025-05-04 10:00:00,Training,True,plane,,1,220,0,100,120,89,309,Basel-Mulhouse,Colette,Thomas,"772, boulevard Royer, 09835 Texier","Université de Franche-Comté, Montbéliard",Montbéliard,True,hybrid,Toyota Prius,5.0,6.0,hybrid,0.1,,12,2
296,296,Montbéliard,Strasbourg,2025-05-09 09:00:00,2025-05-11 15:15:00,Meeting,True,plane,,0,455,0,200,120,150,470,Basel-Mulhouse,Vincent,Ledoux,"7, chemin Zoé Mallet, 50372 Renard-sur-Mer","Université de Franche-Comté, Montbéliard",Montbéliard,False,,,,,,,,9,6
297,297,Besançon,Lyon,2025-05-06 09:00:00,2025-05-07 14:00:00,Training,True,plane,,0,344,0,100,120,87,307,Dole-Jura,Christelle,Verdier,"39, chemin de Neveu, 57445 Diaz-les-Bains","Université de Franche-Comté, Besançon",Besançon,True,diesel,Renault Clio,5.0,6.0,diesel,0.16,,9,5
298,298,Besançon,Dijon,2025-05-02 18:45:00,2025-05-03 11:00:00,Conference,True,plane,,1,781,0,100,120,150,370,Dole-Jura,Amélie,Jean,"58, rue Xavier Rodriguez, 05751 Andre-sur-Mer","Université de Franche-Comté, Besançon",Besançon,True,diesel,Peugeot 208,5.0,4.0,diesel,0.155,,18,1
299,299,Montbéliard,Nice,2025-05-03 19:15:00,2025-05-06 11:00:00,Meeting,True,car,Tesla Model 3,0,529,30,300,0,77,407,,Marguerite,Blanc,"chemin de Joseph, 93932 Fabrenec","Université de Franche-Comté, Montbéliard",Montbéliard,True,electric,Tesla Model 3,5.0,4.0,electric,0.03,0.15,19,0
300,300,Besançon,Nice,2025-05-04 11:00:00,2025-05-05 11:45:00,Training,True,plane,,0,100,0,100,120,130,350,Dole-Jura,Victoire,Bègue,"197, rue de Charrier, 15236 Dupré","Université de Franche-Comté, Besançon",Besançon,True,diesel,Renault Clio,5.0,9.0,diesel,0.16,,11,8
